game_date,start_et,visitor_team,home_team,visitor_pts,home_pts
2025-10-21,7:30p,Houston Rockets,Oklahoma City Thunder,124,125
2025-10-21,10:00p,Golden State Warriors,Los Angeles Lakers,119,109
2025-10-22,7:00p,Brooklyn Nets,Charlotte Hornets,117,136
2025-10-22,7:00p,Cleveland Cavaliers,New York Knicks,111,119
2025-10-22,7:00p,Miami Heat,Orlando Magic,121,125
2025-10-22,7:30p,Philadelphia 76ers,Boston Celtics,117,116
2025-10-22,7:30p,Toronto Raptors,Atlanta Hawks,138,118
2025-10-22,8:00p,Detroit Pistons,Chicago Bulls,111,115
2025-10-22,8:00p,New Orleans Pelicans,Memphis Grizzlies,122,128
2025-10-22,8:00p,Washington Wizards,Milwaukee Bucks,120,133
2025-10-22,9:00p,Los Angeles Clippers,Utah Jazz,108,129
2025-10-22,9:30p,San Antonio Spurs,Dallas Mavericks,125,92
2025-10-22,10:00p,Minnesota Timberwolves,Portland Trail Blazers,118,114
2025-10-22,10:00p,Sacramento Kings,Phoenix Suns,116,120
2025-10-23,7:30p,Oklahoma City Thunder,Indiana Pacers,141,135
2025-10-23,10:00p,Denver Nuggets,Golden State Warriors,131,137
2025-10-24,6:30p,Milwaukee Bucks,Toronto Raptors,122,116
2025-10-24,7:00p,Atlanta Hawks,Orlando Magic,111,107
2025-10-24,7:30p,Cleveland Cavaliers,Brooklyn Nets,131,124
2025-10-24,7:30p,Boston Celtics,New York Knicks,95,105
2025-10-24,8:00p,Detroit Pistons,Houston Rockets,115,111
2025-10-24,8:00p,San Antonio Spurs,New Orleans Pelicans,120,116
2025-10-24,8:00p,Miami Heat,Memphis Grizzlies,146,114
2025-10-24,8:30p,Washington Wizards,Dallas Mavericks,117,107
2025-10-24,10:00p,Minnesota Timberwolves,Los Angeles Lakers,110,128
2025-10-24,10:00p,Golden State Warriors,Portland Trail Blazers,119,139
2025-10-24,10:00p,Utah Jazz,Sacramento Kings,104,105
2025-10-24,10:30p,Phoenix Suns,Los Angeles Clippers,102,129
2025-10-25,7:00p,Chicago Bulls,Orlando Magic,110,98
2025-10-25,7:30p,Oklahoma City Thunder,Atlanta Hawks,117,100
2025-10-25,7:30p,Charlotte Hornets,Philadelphia 76ers,121,125
2025-10-25,8:00p,Indiana Pacers,Memphis Grizzlies,103,128
2025-10-25,9:00p,Phoenix Suns,Denver Nuggets,111,133
2025-10-26,2:00p,Brooklyn Nets,San Antonio Spurs,107,118
2025-10-26,3:30p,Boston Celtics,Detroit Pistons,113,119
2025-10-26,6:00p,Charlotte Hornets,Washington Wizards,139,113
2025-10-26,6:00p,New York Knicks,Miami Heat,107,115
2025-10-26,6:00p,Milwaukee Bucks,Cleveland Cavaliers,113,118
2025-10-26,7:00p,Indiana Pacers,Minnesota Timberwolves,110,114
2025-10-26,7:30p,Toronto Raptors,Dallas Mavericks,129,139
2025-10-26,9:00p,Los Angeles Lakers,Sacramento Kings,127,120
2025-10-26,9:00p,Portland Trail Blazers,Los Angeles Clippers,107,114
2025-10-27,7:00p,Cleveland Cavaliers,Detroit Pistons,116,95
2025-10-27,7:00p,Orlando Magic,Philadelphia 76ers,124,136
2025-10-27,8:00p,Atlanta Hawks,Chicago Bulls,123,128
2025-10-27,8:00p,Brooklyn Nets,Houston Rockets,109,137
2025-10-27,8:00p,Boston Celtics,New Orleans Pelicans,122,90
2025-10-27,8:00p,Toronto Raptors,San Antonio Spurs,103,121
2025-10-27,8:30p,Oklahoma City Thunder,Dallas Mavericks,101,94
2025-10-27,9:00p,Phoenix Suns,Utah Jazz,134,138
2025-10-27,9:30p,Denver Nuggets,Minnesota Timberwolves,127,114
2025-10-27,10:00p,Memphis Grizzlies,Golden State Warriors,118,131
2025-10-27,10:30p,Portland Trail Blazers,Los Angeles Lakers,122,108
2025-10-28,7:00p,Philadelphia 76ers,Washington Wizards,139,134
2025-10-28,7:30p,Charlotte Hornets,Miami Heat,117,144
2025-10-28,8:00p,New York Knicks,Milwaukee Bucks,111,121
2025-10-28,8:00p,Sacramento Kings,Oklahoma City Thunder,101,107
2025-10-28,11:00p,Los Angeles Clippers,Golden State Warriors,79,98
2025-10-29,6:30p,Houston Rockets,Toronto Raptors,139,121
2025-10-29,7:00p,Cleveland Cavaliers,Boston Celtics,105,125
2025-10-29,7:00p,Orlando Magic,Detroit Pistons,116,135
2025-10-29,7:30p,Atlanta Hawks,Brooklyn Nets,117,112
2025-10-29,8:00p,Sacramento Kings,Chicago Bulls,113,126
2025-10-29,8:30p,Indiana Pacers,Dallas Mavericks,105,107
2025-10-29,9:00p,Portland Trail Blazers,Utah Jazz,136,134
2025-10-29,9:00p,New Orleans Pelicans,Denver Nuggets,88,122
2025-10-29,9:30p,Los Angeles Lakers,Minnesota Timberwolves,116,115
2025-10-29,10:00p,Memphis Grizzlies,Phoenix Suns,114,113
2025-10-30,7:00p,Orlando Magic,Charlotte Hornets,123,107
2025-10-30,8:00p,Golden State Warriors,Milwaukee Bucks,110,120
2025-10-30,8:00p,Washington Wizards,Oklahoma City Thunder,108,127
2025-10-30,8:30p,Miami Heat,San Antonio Spurs,101,107
2025-10-31,7:00p,Atlanta Hawks,Indiana Pacers,128,108
2025-10-31,7:00p,Boston Celtics,Philadelphia 76ers,109,108
2025-10-31,7:30p,Toronto Raptors,Cleveland Cavaliers,112,101
2025-10-31,8:00p,New York Knicks,Chicago Bulls,125,135
2025-10-31,9:30p,Los Angeles Lakers,Memphis Grizzlies,117,112
2025-10-31,10:00p,Utah Jazz,Phoenix Suns,96,118
2025-10-31,10:00p,Denver Nuggets,Portland Trail Blazers,107,109
2025-10-31,10:30p,New Orleans Pelicans,Los Angeles Clippers,124,126
2025-11-01,5:00p,Sacramento Kings,Milwaukee Bucks,135,133
2025-11-01,6:00p,Minnesota Timberwolves,Charlotte Hornets,122,105
2025-11-01,7:00p,Golden State Warriors,Indiana Pacers,109,114
2025-11-01,7:00p,Orlando Magic,Washington Wizards,125,94
2025-11-01,8:00p,Houston Rockets,Boston Celtics,128,101
2025-11-01,10:00p,Dallas Mavericks,Detroit Pistons,110,122
2025-11-02,3:30p,New Orleans Pelicans,Oklahoma City Thunder,106,137
2025-11-02,6:00p,Philadelphia 76ers,Brooklyn Nets,129,105
2025-11-02,6:00p,Utah Jazz,Charlotte Hornets,103,126
2025-11-02,6:00p,Atlanta Hawks,Cleveland Cavaliers,109,117
2025-11-02,6:00p,Memphis Grizzlies,Toronto Raptors,104,117
2025-11-02,7:00p,Chicago Bulls,New York Knicks,116,128
2025-11-02,8:00p,San Antonio Spurs,Phoenix Suns,118,130
2025-11-02,9:30p,Miami Heat,Los Angeles Lakers,120,130
2025-11-03,7:00p,Minnesota Timberwolves,Brooklyn Nets,125,109
2025-11-03,7:00p,Milwaukee Bucks,Indiana Pacers,117,115
2025-11-03,7:30p,Utah Jazz,Boston Celtics,105,103
2025-11-03,7:30p,Washington Wizards,New York Knicks,102,119
2025-11-03,8:00p,Dallas Mavericks,Houston Rockets,102,110
2025-11-03,8:00p,Detroit Pistons,Memphis Grizzlies,114,106
2025-11-03,9:00p,Sacramento Kings,Denver Nuggets,124,130
2025-11-03,10:00p,Los Angeles Lakers,Portland Trail Blazers,123,115
2025-11-03,10:30p,Miami Heat,Los Angeles Clippers,120,119
2025-11-04,7:30p,Milwaukee Bucks,Toronto Raptors,100,128
2025-11-04,8:00p,Orlando Magic,Atlanta Hawks,112,127
2025-11-04,8:00p,Philadelphia 76ers,Chicago Bulls,111,113
2025-11-04,8:00p,Charlotte Hornets,New Orleans Pelicans,112,116
2025-11-04,10:00p,Phoenix Suns,Golden State Warriors,107,118
2025-11-04,11:00p,Oklahoma City Thunder,Los Angeles Clippers,126,107
2025-11-05,7:00p,Philadelphia 76ers,Cleveland Cavaliers,121,132
2025-11-05,7:00p,Utah Jazz,Detroit Pistons,103,114
2025-11-05,7:00p,Brooklyn Nets,Indiana Pacers,112,103
2025-11-05,7:30p,Washington Wizards,Boston Celtics,107,136
2025-11-05,7:30p,Minnesota Timberwolves,New York Knicks,114,137
2025-11-05,8:00p,Houston Rockets,Memphis Grizzlies,124,109
2025-11-05,8:30p,New Orleans Pelicans,Dallas Mavericks,101,99
2025-11-05,9:00p,Miami Heat,Denver Nuggets,112,122
2025-11-05,10:00p,San Antonio Spurs,Los Angeles Lakers,116,118
2025-11-05,10:00p,Oklahoma City Thunder,Portland Trail Blazers,119,121
2025-11-05,10:00p,Golden State Warriors,Sacramento Kings,116,121
2025-11-06,9:00p,Los Angeles Clippers,Phoenix Suns,102,115
2025-11-07,7:00p,Boston Celtics,Orlando Magic,110,123
2025-11-07,7:00p,Cleveland Cavaliers,Washington Wizards,148,115
2025-11-07,7:30p,Toronto Raptors,Atlanta Hawks,109,97
2025-11-07,7:30p,Detroit Pistons,Brooklyn Nets,125,107
2025-11-07,7:30p,Houston Rockets,San Antonio Spurs,110,121
2025-11-07,8:00p,Dallas Mavericks,Memphis Grizzlies,104,118
2025-11-07,8:00p,Charlotte Hornets,Miami Heat,108,126
2025-11-07,8:00p,Chicago Bulls,Milwaukee Bucks,110,126
2025-11-07,8:00p,Utah Jazz,Minnesota Timberwolves,97,137
2025-11-07,10:00p,Golden State Warriors,Denver Nuggets,104,129
2025-11-07,10:00p,Oklahoma City Thunder,Sacramento Kings,132,101
2025-11-08,7:00p,Dallas Mavericks,Washington Wizards,111,105
2025-11-08,7:30p,Toronto Raptors,Philadelphia 76ers,120,130
2025-11-08,8:00p,Los Angeles Lakers,Atlanta Hawks,102,122
2025-11-08,8:00p,Chicago Bulls,Cleveland Cavaliers,122,128
2025-11-08,8:00p,Portland Trail Blazers,Miami Heat,131,136
2025-11-08,8:00p,New Orleans Pelicans,San Antonio Spurs,119,126
2025-11-08,9:00p,Indiana Pacers,Denver Nuggets,100,117
2025-11-08,10:30p,Phoenix Suns,Los Angeles Clippers,114,103
2025-11-09,3:30p,Houston Rockets,Milwaukee Bucks,122,115
2025-11-09,6:00p,Oklahoma City Thunder,Memphis Grizzlies,114,100
2025-11-09,6:00p,Brooklyn Nets,New York Knicks,98,134
2025-11-09,6:00p,Boston Celtics,Orlando Magic,111,107
2025-11-09,7:30p,Detroit Pistons,Philadelphia 76ers,111,108
2025-11-09,8:30p,Indiana Pacers,Golden State Warriors,83,114
2025-11-09,9:00p,Minnesota Timberwolves,Sacramento Kings,144,117
2025-11-10,7:00p,Los Angeles Lakers,Charlotte Hornets,121,111
2025-11-10,7:00p,Washington Wizards,Detroit Pistons,135,137
2025-11-10,7:00p,Portland Trail Blazers,Orlando Magic,112,115
2025-11-10,7:30p,Cleveland Cavaliers,Miami Heat,138,140
2025-11-10,8:00p,San Antonio Spurs,Chicago Bulls,121,117
2025-11-10,8:30p,Milwaukee Bucks,Dallas Mavericks,116,114
2025-11-10,9:00p,New Orleans Pelicans,Phoenix Suns,98,121
2025-11-10,9:00p,Minnesota Timberwolves,Utah Jazz,120,113
2025-11-10,10:30p,Atlanta Hawks,Los Angeles Clippers,105,102
2025-11-11,7:30p,Toronto Raptors,Brooklyn Nets,119,109
2025-11-11,7:30p,Memphis Grizzlies,New York Knicks,120,133
2025-11-11,8:00p,Golden State Warriors,Oklahoma City Thunder,102,126
2025-11-11,8:00p,Boston Celtics,Philadelphia 76ers,100,102
2025-11-11,9:00p,Indiana Pacers,Utah Jazz,128,152
2025-11-11,11:00p,Denver Nuggets,Sacramento Kings,122,108
2025-11-12,7:00p,Milwaukee Bucks,Charlotte Hornets,100,111
2025-11-12,7:00p,Chicago Bulls,Detroit Pistons,113,124
2025-11-12,7:00p,Orlando Magic,New York Knicks,124,107
2025-11-12,7:30p,Memphis Grizzlies,Boston Celtics,95,131
2025-11-12,7:30p,Cleveland Cavaliers,Miami Heat,130,116
2025-11-12,8:00p,Washington Wizards,Houston Rockets,112,135
2025-11-12,8:00p,Portland Trail Blazers,New Orleans Pelicans,125,117
2025-11-12,8:00p,Golden State Warriors,San Antonio Spurs,125,120
2025-11-12,8:30p,Phoenix Suns,Dallas Mavericks,123,114
2025-11-12,9:30p,Los Angeles Lakers,Oklahoma City Thunder,92,121
2025-11-12,10:00p,Atlanta Hawks,Sacramento Kings,133,100
2025-11-12,10:30p,Denver Nuggets,Los Angeles Clippers,130,116
2025-11-13,7:00p,Toronto Raptors,Cleveland Cavaliers,126,113
2025-11-13,9:00p,Indiana Pacers,Phoenix Suns,98,133
2025-11-13,9:00p,Atlanta Hawks,Utah Jazz,132,122
2025-11-14,7:00p,Miami Heat,New York Knicks,132,140
2025-11-14,7:00p,Brooklyn Nets,Orlando Magic,98,105
2025-11-14,7:30p,Philadelphia 76ers,Detroit Pistons,105,114
2025-11-14,8:00p,Portland Trail Blazers,Houston Rockets,116,140
2025-11-14,8:00p,Charlotte Hornets,Milwaukee Bucks,134,147
2025-11-14,8:00p,Sacramento Kings,Minnesota Timberwolves,110,124
2025-11-14,8:00p,Los Angeles Lakers,New Orleans Pelicans,118,104
2025-11-14,8:30p,Los Angeles Clippers,Dallas Mavericks,133,127
2025-11-14,9:30p,Golden State Warriors,San Antonio Spurs,109,108
2025-11-15,5:00p,Memphis Grizzlies,Cleveland Cavaliers,100,108
2025-11-15,7:00p,Oklahoma City Thunder,Charlotte Hornets,109,96
2025-11-15,7:00p,Toronto Raptors,Indiana Pacers,129,111
2025-11-15,8:00p,Los Angeles Lakers,Milwaukee Bucks,119,95
2025-11-15,8:00p,Denver Nuggets,Minnesota Timberwolves,123,112
2025-11-16,3:30p,Los Angeles Clippers,Boston Celtics,118,121
2025-11-16,4:00p,Sacramento Kings,San Antonio Spurs,110,123
2025-11-16,6:00p,Brooklyn Nets,Washington Wizards,129,106
2025-11-16,7:00p,Orlando Magic,Houston Rockets,113,117
2025-11-16,7:00p,Golden State Warriors,New Orleans Pelicans,124,106
2025-11-16,7:30p,Portland Trail Blazers,Dallas Mavericks,133,138
2025-11-16,8:00p,Atlanta Hawks,Phoenix Suns,124,122
2025-11-16,8:00p,Chicago Bulls,Utah Jazz,147,150
2025-11-17,7:00p,Milwaukee Bucks,Cleveland Cavaliers,106,118
2025-11-17,7:00p,Indiana Pacers,Detroit Pistons,112,127
2025-11-17,7:00p,Los Angeles Clippers,Philadelphia 76ers,108,110
2025-11-17,7:30p,New York Knicks,Miami Heat,113,115
2025-11-17,7:30p,Charlotte Hornets,Toronto Raptors,108,110
2025-11-17,8:00p,Dallas Mavericks,Minnesota Timberwolves,96,120
2025-11-17,8:00p,Oklahoma City Thunder,New Orleans Pelicans,126,109
2025-11-17,9:00p,Chicago Bulls,Denver Nuggets,130,127
2025-11-18,7:00p,Golden State Warriors,Orlando Magic,113,121
2025-11-18,7:30p,Detroit Pistons,Atlanta Hawks,120,112
2025-11-18,7:30p,Boston Celtics,Brooklyn Nets,113,99
2025-11-18,8:00p,Memphis Grizzlies,San Antonio Spurs,101,111
2025-11-18,10:30p,Utah Jazz,Los Angeles Lakers,126,140
2025-11-18,11:00p,Phoenix Suns,Portland Trail Blazers,127,110
2025-11-19,7:00p,Houston Rockets,Cleveland Cavaliers,114,104
2025-11-19,7:00p,Charlotte Hornets,Indiana Pacers,118,127
2025-11-19,7:00p,Toronto Raptors,Philadelphia 76ers,121,112
2025-11-19,7:30p,Golden State Warriors,Miami Heat,96,110
2025-11-19,8:00p,Washington Wizards,Minnesota Timberwolves,109,120
2025-11-19,8:00p,Denver Nuggets,New Orleans Pelicans,125,118
2025-11-19,8:00p,Sacramento Kings,Oklahoma City Thunder,99,113
2025-11-19,9:30p,New York Knicks,Dallas Mavericks,113,111
2025-11-19,10:00p,Chicago Bulls,Portland Trail Blazers,122,121
2025-11-20,7:00p,Los Angeles Clippers,Orlando Magic,101,129
2025-11-20,8:00p,Sacramento Kings,Memphis Grizzlies,96,137
2025-11-20,8:00p,Philadelphia 76ers,Milwaukee Bucks,123,114
2025-11-20,8:00p,Atlanta Hawks,San Antonio Spurs,126,135
2025-11-21,7:00p,Indiana Pacers,Cleveland Cavaliers,109,120
2025-11-21,7:30p,Brooklyn Nets,Boston Celtics,113,105
2025-11-21,7:30p,Washington Wizards,Toronto Raptors,110,140
2025-11-21,8:00p,Miami Heat,Chicago Bulls,143,107
2025-11-21,8:30p,New Orleans Pelicans,Dallas Mavericks,115,118
2025-11-21,9:00p,Minnesota Timberwolves,Phoenix Suns,113,114
2025-11-21,9:30p,Denver Nuggets,Houston Rockets,112,109
2025-11-21,10:00p,Portland Trail Blazers,Golden State Warriors,127,123
2025-11-21,10:00p,Oklahoma City Thunder,Utah Jazz,144,112
2025-11-22,1:00p,Los Angeles Clippers,Charlotte Hornets,131,116
2025-11-22,5:00p,New York Knicks,Orlando Magic,121,133
2025-11-22,7:00p,Atlanta Hawks,New Orleans Pelicans,115,98
2025-11-22,8:00p,Washington Wizards,Chicago Bulls,120,121
2025-11-22,8:00p,Detroit Pistons,Milwaukee Bucks,129,116
2025-11-22,8:30p,Memphis Grizzlies,Dallas Mavericks,102,96
2025-11-22,10:00p,Sacramento Kings,Denver Nuggets,128,123
2025-11-23,1:00p,Miami Heat,Philadelphia 76ers,127,117
2025-11-23,6:00p,Charlotte Hornets,Atlanta Hawks,110,113
2025-11-23,6:00p,Orlando Magic,Boston Celtics,129,138
2025-11-23,6:00p,Los Angeles Clippers,Cleveland Cavaliers,105,120
2025-11-23,6:00p,Brooklyn Nets,Toronto Raptors,109,119
2025-11-23,7:00p,Portland Trail Blazers,Oklahoma City Thunder,95,122
2025-11-23,8:00p,San Antonio Spurs,Phoenix Suns,102,111
2025-11-23,8:00p,Los Angeles Lakers,Utah Jazz,108,106
2025-11-24,7:00p,Detroit Pistons,Indiana Pacers,122,117
2025-11-24,7:00p,Cleveland Cavaliers,Toronto Raptors,99,110
2025-11-24,7:30p,New York Knicks,Brooklyn Nets,113,100
2025-11-24,7:30p,Dallas Mavericks,Miami Heat,102,106
2025-11-24,8:00p,Denver Nuggets,Memphis Grizzlies,125,115
2025-11-24,8:00p,Portland Trail Blazers,Milwaukee Bucks,115,103
2025-11-24,8:00p,Chicago Bulls,New Orleans Pelicans,130,143
2025-11-24,9:30p,Houston Rockets,Phoenix Suns,114,92
2025-11-24,10:00p,Utah Jazz,Golden State Warriors,117,134
2025-11-24,10:00p,Minnesota Timberwolves,Sacramento Kings,112,117
2025-11-25,7:00p,Atlanta Hawks,Washington Wizards,113,132
2025-11-25,8:00p,Orlando Magic,Philadelphia 76ers,144,103
2025-11-25,11:00p,Los Angeles Clippers,Los Angeles Lakers,118,135
2025-11-26,5:00p,Detroit Pistons,Boston Celtics,114,117
2025-11-26,7:00p,New York Knicks,Charlotte Hornets,129,101
2025-11-26,7:30p,Milwaukee Bucks,Miami Heat,103,106
2025-11-26,7:30p,Minnesota Timberwolves,Oklahoma City Thunder,105,113
2025-11-26,7:30p,Indiana Pacers,Toronto Raptors,95,97
2025-11-26,8:00p,Memphis Grizzlies,New Orleans Pelicans,133,128
2025-11-26,10:00p,Houston Rockets,Golden State Warriors,104,100
2025-11-26,10:00p,San Antonio Spurs,Portland Trail Blazers,115,102
2025-11-26,10:00p,Phoenix Suns,Sacramento Kings,112,100
2025-11-28,7:30p,Cleveland Cavaliers,Atlanta Hawks,123,130
2025-11-28,7:30p,Philadelphia 76ers,Brooklyn Nets,115,103
2025-11-28,7:30p,Chicago Bulls,Charlotte Hornets,116,123
2025-11-28,7:30p,Orlando Magic,Detroit Pistons,112,109
2025-11-28,7:30p,Washington Wizards,Indiana Pacers,86,119
2025-11-28,7:30p,Milwaukee Bucks,New York Knicks,109,118
2025-11-28,9:30p,San Antonio Spurs,Denver Nuggets,139,136
2025-11-28,9:30p,Phoenix Suns,Oklahoma City Thunder,119,123
2025-11-28,9:30p,Sacramento Kings,Utah Jazz,119,128
2025-11-28,10:00p,Memphis Grizzlies,Los Angeles Clippers,112,107
2025-11-28,10:00p,Dallas Mavericks,Los Angeles Lakers,119,129
2025-11-29,5:00p,Boston Celtics,Minnesota Timberwolves,115,119
2025-11-29,6:00p,Toronto Raptors,Charlotte Hornets,111,118
2025-11-29,7:30p,Chicago Bulls,Indiana Pacers,101,103
2025-11-29,8:00p,Detroit Pistons,Miami Heat,138,135
2025-11-29,8:00p,Brooklyn Nets,Milwaukee Bucks,99,116
2025-11-29,8:30p,New Orleans Pelicans,Golden State Warriors,96,104
2025-11-29,9:00p,Denver Nuggets,Phoenix Suns,130,112
2025-11-29,10:00p,Dallas Mavericks,Los Angeles Clippers,114,110
2025-11-30,3:00p,Houston Rockets,Utah Jazz,129,101
2025-11-30,6:00p,Boston Celtics,Cleveland Cavaliers,117,115
2025-11-30,6:00p,Toronto Raptors,New York Knicks,94,116
2025-11-30,6:00p,Atlanta Hawks,Philadelphia 76ers,142,134
2025-11-30,6:00p,Oklahoma City Thunder,Portland Trail Blazers,123,115
2025-11-30,7:00p,San Antonio Spurs,Minnesota Timberwolves,112,125
2025-11-30,9:00p,Memphis Grizzlies,Sacramento Kings,115,107
2025-11-30,9:30p,New Orleans Pelicans,Los Angeles Lakers,121,133
2025-12-01,7:00p,Atlanta Hawks,Detroit Pistons,98,99
2025-12-01,7:00p,Cleveland Cavaliers,Indiana Pacers,135,119
2025-12-01,7:00p,Milwaukee Bucks,Washington Wizards,126,129
2025-12-01,7:30p,Charlotte Hornets,Brooklyn Nets,103,116
2025-12-01,7:30p,Los Angeles Clippers,Miami Heat,123,140
2025-12-01,7:30p,Chicago Bulls,Orlando Magic,120,125
2025-12-01,9:00p,Dallas Mavericks,Denver Nuggets,131,121
2025-12-01,9:00p,Houston Rockets,Utah Jazz,125,133
2025-12-01,10:00p,Phoenix Suns,Los Angeles Lakers,125,108
2025-12-02,7:00p,Washington Wizards,Philadelphia 76ers,102,121
2025-12-02,7:30p,Portland Trail Blazers,Toronto Raptors,118,121
2025-12-02,8:00p,New York Knicks,Boston Celtics,117,123
2025-12-02,8:00p,Minnesota Timberwolves,New Orleans Pelicans,149,142
2025-12-02,8:00p,Memphis Grizzlies,San Antonio Spurs,119,126
2025-12-02,11:00p,Oklahoma City Thunder,Golden State Warriors,124,112
2025-12-03,7:00p,Portland Trail Blazers,Cleveland Cavaliers,122,110
2025-12-03,7:00p,Denver Nuggets,Indiana Pacers,135,120
2025-12-03,7:00p,San Antonio Spurs,Orlando Magic,114,112
2025-12-03,7:30p,Los Angeles Clippers,Atlanta Hawks,115,92
2025-12-03,7:30p,Charlotte Hornets,New York Knicks,104,119
2025-12-03,8:00p,Brooklyn Nets,Chicago Bulls,113,103
2025-12-03,8:00p,Sacramento Kings,Houston Rockets,95,121
2025-12-03,8:00p,Detroit Pistons,Milwaukee Bucks,109,113
2025-12-03,8:30p,Miami Heat,Dallas Mavericks,108,118
2025-12-04,7:00p,Golden State Warriors,Philadelphia 76ers,98,99
2025-12-04,7:00p,Boston Celtics,Washington Wizards,146,101
2025-12-04,7:30p,Utah Jazz,Brooklyn Nets,123,110
2025-12-04,7:30p,Los Angeles Lakers,Toronto Raptors,123,120
2025-12-04,8:00p,Minnesota Timberwolves,New Orleans Pelicans,125,116
2025-12-05,7:00p,Los Angeles Lakers,Boston Celtics,105,126
2025-12-05,7:00p,Miami Heat,Orlando Magic,105,106
2025-12-05,7:30p,Denver Nuggets,Atlanta Hawks,134,133
2025-12-05,7:30p,San Antonio Spurs,Cleveland Cavaliers,117,130
2025-12-05,7:30p,Portland Trail Blazers,Detroit Pistons,116,122
2025-12-05,7:30p,Utah Jazz,New York Knicks,112,146
2025-12-05,7:30p,Charlotte Hornets,Toronto Raptors,111,86
2025-12-05,8:00p,Indiana Pacers,Chicago Bulls,120,105
2025-12-05,8:00p,Phoenix Suns,Houston Rockets,98,117
2025-12-05,8:00p,Los Angeles Clippers,Memphis Grizzlies,98,107
2025-12-05,8:00p,Philadelphia 76ers,Milwaukee Bucks,116,101
2025-12-05,9:30p,Dallas Mavericks,Oklahoma City Thunder,111,132
2025-12-06,5:00p,New Orleans Pelicans,Brooklyn Nets,101,119
2025-12-06,7:00p,Atlanta Hawks,Washington Wizards,131,116
2025-12-06,7:30p,Golden State Warriors,Cleveland Cavaliers,99,94
2025-12-06,7:30p,Milwaukee Bucks,Detroit Pistons,112,124
2025-12-06,8:00p,Sacramento Kings,Miami Heat,127,111
2025-12-06,8:00p,Los Angeles Clippers,Minnesota Timberwolves,106,109
2025-12-06,8:30p,Houston Rockets,Dallas Mavericks,109,122
2025-12-07,12:00p,Orlando Magic,New York Knicks,100,106
2025-12-07,3:30p,Boston Celtics,Toronto Raptors,121,113
2025-12-07,6:00p,Denver Nuggets,Charlotte Hornets,115,106
2025-12-07,6:00p,Portland Trail Blazers,Memphis Grizzlies,96,119
2025-12-07,7:00p,Golden State Warriors,Chicago Bulls,123,91
2025-12-07,7:30p,Los Angeles Lakers,Philadelphia 76ers,112,108
2025-12-07,8:00p,Oklahoma City Thunder,Utah Jazz,131,101
2025-12-08,7:00p,Sacramento Kings,Indiana Pacers,105,116
2025-12-08,7:30p,Phoenix Suns,Minnesota Timberwolves,108,105
2025-12-08,8:00p,San Antonio Spurs,New Orleans Pelicans,135,132
2025-12-09,6:00p,Miami Heat,Orlando Magic,108,117
2025-12-09,8:30p,New York Knicks,Toronto Raptors,117,101
2025-12-10,7:30p,Phoenix Suns,Oklahoma City Thunder,89,138
2025-12-10,10:00p,San Antonio Spurs,Los Angeles Lakers,132,119
2025-12-11,8:00p,Los Angeles Clippers,Houston Rockets,113,115
2025-12-11,8:00p,Boston Celtics,Milwaukee Bucks,101,116
2025-12-11,8:00p,Portland Trail Blazers,New Orleans Pelicans,120,143
2025-12-11,10:00p,Denver Nuggets,Sacramento Kings,136,105
2025-12-12,7:00p,Chicago Bulls,Charlotte Hornets,129,126
2025-12-12,7:00p,Atlanta Hawks,Detroit Pistons,115,142
2025-12-12,7:00p,Indiana Pacers,Philadelphia 76ers,105,115
2025-12-12,7:00p,Cleveland Cavaliers,Washington Wizards,130,126
2025-12-12,8:00p,Utah Jazz,Memphis Grizzlies,130,126
2025-12-12,8:30p,Brooklyn Nets,Dallas Mavericks,111,119
2025-12-12,10:00p,Minnesota Timberwolves,Golden State Warriors,127,120
2025-12-13,5:30p,New York Knicks,Orlando Magic,132,120
2025-12-13,9:00p,San Antonio Spurs,Oklahoma City Thunder,111,109
2025-12-14,3:00p,Washington Wizards,Indiana Pacers,108,89
2025-12-14,3:30p,Charlotte Hornets,Cleveland Cavaliers,119,111
2025-12-14,6:00p,Philadelphia 76ers,Atlanta Hawks,117,120
2025-12-14,6:00p,Milwaukee Bucks,Brooklyn Nets,82,127
2025-12-14,7:00p,New Orleans Pelicans,Chicago Bulls,114,104
2025-12-14,7:00p,Sacramento Kings,Minnesota Timberwolves,103,117
2025-12-14,8:00p,Los Angeles Lakers,Phoenix Suns,116,114
2025-12-14,9:00p,Golden State Warriors,Portland Trail Blazers,131,136
2025-12-15,7:00p,Detroit Pistons,Boston Celtics,112,105
2025-12-15,7:30p,Toronto Raptors,Miami Heat,106,96
2025-12-15,9:00p,Dallas Mavericks,Utah Jazz,133,140
2025-12-15,9:30p,Houston Rockets,Denver Nuggets,125,128
2025-12-15,10:30p,Memphis Grizzlies,Los Angeles Clippers,121,103
2025-12-16,8:30p,San Antonio Spurs,New York Knicks,113,124
2025-12-17,8:00p,Cleveland Cavaliers,Chicago Bulls,111,127
2025-12-17,8:00p,Memphis Grizzlies,Minnesota Timberwolves,116,110
2025-12-18,7:00p,Atlanta Hawks,Charlotte Hornets,126,133
2025-12-18,7:00p,New York Knicks,Indiana Pacers,114,113
2025-12-18,7:30p,Miami Heat,Brooklyn Nets,106,95
2025-12-18,8:00p,Toronto Raptors,Milwaukee Bucks,111,105
2025-12-18,8:00p,Houston Rockets,New Orleans Pelicans,128,133
2025-12-18,8:00p,Los Angeles Clippers,Oklahoma City Thunder,101,122
2025-12-18,8:00p,Washington Wizards,San Antonio Spurs,94,119
2025-12-18,8:30p,Detroit Pistons,Dallas Mavericks,114,116
2025-12-18,9:00p,Orlando Magic,Denver Nuggets,115,126
2025-12-18,9:00p,Golden State Warriors,Phoenix Suns,98,99
2025-12-18,9:00p,Los Angeles Lakers,Utah Jazz,143,135
2025-12-18,10:00p,Sacramento Kings,Portland Trail Blazers,133,134
2025-12-19,7:00p,Miami Heat,Boston Celtics,116,129
2025-12-19,7:00p,Philadelphia 76ers,New York Knicks,116,107
2025-12-19,7:30p,San Antonio Spurs,Atlanta Hawks,126,98
2025-12-19,7:30p,Chicago Bulls,Cleveland Cavaliers,136,125
2025-12-19,9:30p,Oklahoma City Thunder,Minnesota Timberwolves,107,112
2025-12-20,5:00p,Houston Rockets,Denver Nuggets,115,101
2025-12-20,7:00p,Indiana Pacers,New Orleans Pelicans,109,128
2025-12-20,7:00p,Dallas Mavericks,Philadelphia 76ers,114,121
2025-12-20,7:00p,Boston Celtics,Toronto Raptors,112,96
2025-12-20,7:30p,Charlotte Hornets,Detroit Pistons,86,112
2025-12-20,8:00p,Washington Wizards,Memphis Grizzlies,130,122
2025-12-20,8:30p,Phoenix Suns,Golden State Warriors,116,119
2025-12-20,9:30p,Orlando Magic,Utah Jazz,128,127
2025-12-20,10:00p,Portland Trail Blazers,Sacramento Kings,98,93
2025-12-20,10:30p,Los Angeles Lakers,Los Angeles Clippers,88,103
2025-12-21,3:30p,Chicago Bulls,Atlanta Hawks,152,150
2025-12-21,6:00p,Toronto Raptors,Brooklyn Nets,81,96
2025-12-21,6:00p,Miami Heat,New York Knicks,125,132
2025-12-21,7:00p,Milwaukee Bucks,Minnesota Timberwolves,100,103
2025-12-21,7:00p,San Antonio Spurs,Washington Wizards,124,113
2025-12-21,10:00p,Houston Rockets,Sacramento Kings,124,125
2025-12-22,7:00p,Charlotte Hornets,Cleveland Cavaliers,132,139
2025-12-22,7:30p,Indiana Pacers,Boston Celtics,95,103
2025-12-22,8:00p,Dallas Mavericks,New Orleans Pelicans,113,119
2025-12-22,9:00p,Utah Jazz,Denver Nuggets,112,135
2025-12-22,9:30p,Memphis Grizzlies,Oklahoma City Thunder,103,119
2025-12-22,10:00p,Orlando Magic,Golden State Warriors,97,120
2025-12-22,10:00p,Detroit Pistons,Portland Trail Blazers,110,102
2025-12-23,7:00p,Washington Wizards,Charlotte Hornets,109,126
2025-12-23,7:00p,Brooklyn Nets,Philadelphia 76ers,114,106
2025-12-23,7:30p,Chicago Bulls,Atlanta Hawks,126,123
2025-12-23,7:30p,New Orleans Pelicans,Cleveland Cavaliers,118,141
2025-12-23,7:30p,Milwaukee Bucks,Indiana Pacers,111,94
2025-12-23,7:30p,Toronto Raptors,Miami Heat,112,91
2025-12-23,8:00p,Denver Nuggets,Dallas Mavericks,130,131
2025-12-23,8:00p,New York Knicks,Minnesota Timberwolves,104,115
2025-12-23,8:30p,Oklahoma City Thunder,San Antonio Spurs,110,130
2025-12-23,9:00p,Los Angeles Lakers,Phoenix Suns,108,132
2025-12-23,9:00p,Memphis Grizzlies,Utah Jazz,137,128
2025-12-23,10:00p,Orlando Magic,Portland Trail Blazers,110,106
2025-12-23,10:00p,Detroit Pistons,Sacramento Kings,136,127
2025-12-23,10:30p,Houston Rockets,Los Angeles Clippers,108,128
2025-12-25,12:00p,Cleveland Cavaliers,New York Knicks,124,126
2025-12-25,2:30p,San Antonio Spurs,Oklahoma City Thunder,117,102
2025-12-25,5:00p,Dallas Mavericks,Golden State Warriors,116,126
2025-12-25,8:00p,Houston Rockets,Los Angeles Lakers,119,96
2025-12-25,10:30p,Minnesota Timberwolves,Denver Nuggets,138,142
2025-12-26,7:00p,Miami Heat,Atlanta Hawks,126,111
2025-12-26,7:00p,Boston Celtics,Indiana Pacers,140,122
2025-12-26,7:00p,Charlotte Hornets,Orlando Magic,120,105
2025-12-26,7:00p,Toronto Raptors,Washington Wizards,117,138
2025-12-26,7:30p,Philadelphia 76ers,Chicago Bulls,102,109
2025-12-26,8:00p,Milwaukee Bucks,Memphis Grizzlies,104,125
2025-12-26,8:00p,Phoenix Suns,New Orleans Pelicans,115,108
2025-12-26,9:30p,Detroit Pistons,Utah Jazz,129,131
2025-12-26,10:00p,Los Angeles Clippers,Portland Trail Blazers,119,103
2025-12-27,5:00p,Dallas Mavericks,Sacramento Kings,107,113
2025-12-27,7:00p,Phoenix Suns,New Orleans Pelicans,123,114
2025-12-27,7:00p,Denver Nuggets,Orlando Magic,126,127
2025-12-27,8:00p,New York Knicks,Atlanta Hawks,128,125
2025-12-27,8:00p,Milwaukee Bucks,Chicago Bulls,112,103
2025-12-27,8:00p,Cleveland Cavaliers,Houston Rockets,100,117
2025-12-27,8:00p,Indiana Pacers,Miami Heat,116,142
2025-12-27,8:00p,Brooklyn Nets,Minnesota Timberwolves,123,107
2025-12-27,8:00p,Utah Jazz,San Antonio Spurs,127,114
2025-12-28,3:30p,Philadelphia 76ers,Oklahoma City Thunder,104,129
2025-12-28,3:30p,Golden State Warriors,Toronto Raptors,127,141
2025-12-28,6:00p,Boston Celtics,Portland Trail Blazers,108,114
2025-12-28,6:00p,Memphis Grizzlies,Washington Wizards,112,116
2025-12-28,9:00p,Detroit Pistons,Los Angeles Clippers,99,112
2025-12-28,9:30p,Sacramento Kings,Los Angeles Lakers,101,125
2025-12-29,7:00p,Milwaukee Bucks,Charlotte Hornets,123,113
2025-12-29,7:00p,Phoenix Suns,Washington Wizards,115,101
2025-12-29,7:30p,Golden State Warriors,Brooklyn Nets,120,107
2025-12-29,7:30p,Denver Nuggets,Miami Heat,123,147
2025-12-29,7:30p,Orlando Magic,Toronto Raptors,106,107
2025-12-29,8:00p,Minnesota Timberwolves,Chicago Bulls,136,101
2025-12-29,8:00p,Indiana Pacers,Houston Rockets,119,126
2025-12-29,8:00p,New York Knicks,New Orleans Pelicans,130,125
2025-12-29,8:00p,Atlanta Hawks,Oklahoma City Thunder,129,140
2025-12-29,8:00p,Cleveland Cavaliers,San Antonio Spurs,113,101
2025-12-29,10:30p,Dallas Mavericks,Portland Trail Blazers,122,125
2025-12-30,8:00p,Philadelphia 76ers,Memphis Grizzlies,139,136
2025-12-30,9:00p,Boston Celtics,Utah Jazz,129,119
2025-12-30,10:30p,Detroit Pistons,Los Angeles Lakers,128,106
2025-12-30,11:00p,Sacramento Kings,Los Angeles Clippers,90,131
2025-12-31,1:00p,Golden State Warriors,Charlotte Hornets,132,125
2025-12-31,3:00p,Minnesota Timberwolves,Atlanta Hawks,102,126
2025-12-31,3:00p,Orlando Magic,Indiana Pacers,112,110
2025-12-31,3:30p,Phoenix Suns,Cleveland Cavaliers,113,129
2025-12-31,7:00p,New Orleans Pelicans,Chicago Bulls,118,134
2025-12-31,7:00p,New York Knicks,San Antonio Spurs,132,134
2025-12-31,7:30p,Denver Nuggets,Toronto Raptors,106,103
2025-12-31,8:00p,Washington Wizards,Milwaukee Bucks,114,113
2025-12-31,8:00p,Portland Trail Blazers,Oklahoma City Thunder,95,124
2026-01-01,6:00p,Houston Rockets,Brooklyn Nets,120,96
2026-01-01,7:00p,Miami Heat,Detroit Pistons,118,112
2026-01-01,8:30p,Philadelphia 76ers,Dallas Mavericks,123,108
2026-01-01,10:00p,Boston Celtics,Sacramento Kings,120,106
2026-01-01,10:30p,Utah Jazz,Los Angeles Clippers,101,118
2026-01-02,7:00p,San Antonio Spurs,Indiana Pacers,123,113
2026-01-02,7:00p,Brooklyn Nets,Washington Wizards,99,119
2026-01-02,7:30p,Denver Nuggets,Cleveland Cavaliers,108,113
2026-01-02,7:30p,Atlanta Hawks,New York Knicks,111,99
2026-01-02,8:00p,Orlando Magic,Chicago Bulls,114,121
2026-01-02,8:00p,Charlotte Hornets,Milwaukee Bucks,121,122
2026-01-02,8:00p,Portland Trail Blazers,New Orleans Pelicans,122,109
2026-01-02,9:00p,Sacramento Kings,Phoenix Suns,102,129
2026-01-02,10:00p,Oklahoma City Thunder,Golden State Warriors,131,94
2026-01-02,10:30p,Memphis Grizzlies,Los Angeles Lakers,121,128
2026-01-03,5:00p,Minnesota Timberwolves,Miami Heat,125,115
2026-01-03,7:30p,Philadelphia 76ers,New York Knicks,130,119
2026-01-03,7:30p,Atlanta Hawks,Toronto Raptors,117,134
2026-01-03,8:00p,Charlotte Hornets,Chicago Bulls,112,99
2026-01-03,8:00p,Portland Trail Blazers,San Antonio Spurs,115,110
2026-01-03,8:30p,Houston Rockets,Dallas Mavericks,104,110
2026-01-03,10:00p,Utah Jazz,Golden State Warriors,114,123
2026-01-03,10:30p,Boston Celtics,Los Angeles Clippers,146,115
2026-01-04,2:00p,Detroit Pistons,Cleveland Cavaliers,114,110
2026-01-04,3:00p,Indiana Pacers,Orlando Magic,127,135
2026-01-04,3:30p,Denver Nuggets,Brooklyn Nets,115,127
2026-01-04,6:00p,New Orleans Pelicans,Miami Heat,106,125
2026-01-04,6:00p,Minnesota Timberwolves,Washington Wizards,141,115
2026-01-04,8:00p,Oklahoma City Thunder,Phoenix Suns,105,108
2026-01-04,9:00p,Milwaukee Bucks,Sacramento Kings,115,98
2026-01-04,9:30p,Memphis Grizzlies,Los Angeles Lakers,114,120
2026-01-05,7:00p,New York Knicks,Detroit Pistons,90,121
2026-01-05,7:30p,Chicago Bulls,Boston Celtics,101,115
2026-01-05,7:30p,Atlanta Hawks,Toronto Raptors,100,118
2026-01-05,8:00p,Phoenix Suns,Houston Rockets,97,100
2026-01-05,8:00p,Charlotte Hornets,Oklahoma City Thunder,124,97
2026-01-05,8:30p,Denver Nuggets,Philadelphia 76ers,125,124
2026-01-05,10:00p,Golden State Warriors,Los Angeles Clippers,102,103
2026-01-05,10:00p,Utah Jazz,Portland Trail Blazers,117,137
2026-01-06,7:00p,Cleveland Cavaliers,Indiana Pacers,120,116
2026-01-06,7:00p,Orlando Magic,Washington Wizards,112,120
2026-01-06,8:00p,San Antonio Spurs,Memphis Grizzlies,105,106
2026-01-06,8:00p,Miami Heat,Minnesota Timberwolves,94,122
2026-01-06,8:00p,Los Angeles Lakers,New Orleans Pelicans,111,103
2026-01-06,11:00p,Dallas Mavericks,Sacramento Kings,100,98
2026-01-07,7:00p,Denver Nuggets,Boston Celtics,114,110
2026-01-07,7:00p,Toronto Raptors,Charlotte Hornets,97,96
2026-01-07,7:00p,Chicago Bulls,Detroit Pistons,93,108
2026-01-07,7:00p,Washington Wizards,Philadelphia 76ers,110,131
2026-01-07,7:30p,New Orleans Pelicans,Atlanta Hawks,100,117
2026-01-07,7:30p,Orlando Magic,Brooklyn Nets,104,103
2026-01-07,7:30p,Los Angeles Clippers,New York Knicks,111,123
2026-01-07,8:00p,Phoenix Suns,Memphis Grizzlies,117,98
2026-01-07,8:00p,Utah Jazz,Oklahoma City Thunder,125,129
2026-01-07,9:30p,Los Angeles Lakers,San Antonio Spurs,91,107
2026-01-07,10:00p,Milwaukee Bucks,Golden State Warriors,113,120
2026-01-07,10:00p,Houston Rockets,Portland Trail Blazers,102,103
2026-01-08,7:00p,Indiana Pacers,Charlotte Hornets,114,112
2026-01-08,8:00p,Cleveland Cavaliers,Minnesota Timberwolves,122,131
2026-01-08,9:00p,Dallas Mavericks,Utah Jazz,114,116
2026-01-09,7:00p,Toronto Raptors,Boston Celtics,117,125
2026-01-09,7:00p,Philadelphia 76ers,Orlando Magic,103,91
2026-01-09,7:00p,New Orleans Pelicans,Washington Wizards,128,107
2026-01-09,7:30p,Los Angeles Clippers,Brooklyn Nets,121,105
2026-01-09,8:00p,Oklahoma City Thunder,Memphis Grizzlies,117,116
2026-01-09,9:00p,Atlanta Hawks,Denver Nuggets,110,87
2026-01-09,9:00p,New York Knicks,Phoenix Suns,107,112
2026-01-09,10:00p,Sacramento Kings,Golden State Warriors,103,137
2026-01-09,10:00p,Houston Rockets,Portland Trail Blazers,105,111
2026-01-09,10:30p,Milwaukee Bucks,Los Angeles Lakers,105,101
2026-01-10,1:00p,Minnesota Timberwolves,Cleveland Cavaliers,134,146
2026-01-10,7:00p,Miami Heat,Indiana Pacers,99,123
2026-01-10,7:30p,Los Angeles Clippers,Detroit Pistons,98,92
2026-01-10,8:00p,San Antonio Spurs,Boston Celtics,100,95
2026-01-10,8:00p,Dallas Mavericks,Chicago Bulls,107,125
2026-01-10,9:30p,Charlotte Hornets,Utah Jazz,150,95
2026-01-11,3:00p,New Orleans Pelicans,Orlando Magic,118,128
2026-01-11,3:30p,Brooklyn Nets,Memphis Grizzlies,98,103
2026-01-11,6:00p,New York Knicks,Portland Trail Blazers,123,114
2026-01-11,6:00p,Philadelphia 76ers,Toronto Raptors,115,116
2026-01-11,7:00p,San Antonio Spurs,Minnesota Timberwolves,103,104
2026-01-11,7:00p,Miami Heat,Oklahoma City Thunder,112,124
2026-01-11,8:00p,Milwaukee Bucks,Denver Nuggets,104,108
2026-01-11,8:00p,Washington Wizards,Phoenix Suns,93,112
2026-01-11,8:30p,Atlanta Hawks,Golden State Warriors,124,111
2026-01-11,9:00p,Houston Rockets,Sacramento Kings,98,111
2026-01-12,7:00p,Utah Jazz,Cleveland Cavaliers,123,112
2026-01-12,7:30p,Boston Celtics,Indiana Pacers,96,98
2026-01-12,7:30p,Philadelphia 76ers,Toronto Raptors,115,102
2026-01-12,8:30p,Brooklyn Nets,Dallas Mavericks,105,113
2026-01-12,10:00p,Los Angeles Lakers,Sacramento Kings,112,124
2026-01-12,10:30p,Charlotte Hornets,Los Angeles Clippers,109,117
2026-01-13,7:30p,Phoenix Suns,Miami Heat,121,127
2026-01-13,8:00p,Chicago Bulls,Houston Rockets,113,119
2026-01-13,8:00p,Minnesota Timberwolves,Milwaukee Bucks,139,106
2026-01-13,8:00p,Denver Nuggets,New Orleans Pelicans,122,116
2026-01-13,8:00p,San Antonio Spurs,Oklahoma City Thunder,98,119
2026-01-13,10:30p,Atlanta Hawks,Los Angeles Lakers,116,141
2026-01-13,11:00p,Portland Trail Blazers,Golden State Warriors,97,119
2026-01-14,7:00p,Toronto Raptors,Indiana Pacers,115,101
2026-01-14,7:00p,Cleveland Cavaliers,Philadelphia 76ers,133,107
2026-01-14,8:00p,Utah Jazz,Chicago Bulls,126,128
2026-01-14,8:00p,Brooklyn Nets,New Orleans Pelicans,113,116
2026-01-14,9:30p,Denver Nuggets,Dallas Mavericks,118,109
2026-01-14,10:00p,New York Knicks,Sacramento Kings,101,112
2026-01-14,10:30p,Washington Wizards,Los Angeles Clippers,105,119
2026-01-15,2:00p,Memphis Grizzlies,Orlando Magic,111,118
2026-01-15,7:00p,Phoenix Suns,Detroit Pistons,105,108
2026-01-15,7:30p,Oklahoma City Thunder,Houston Rockets,111,91
2026-01-15,7:30p,Boston Celtics,Miami Heat,119,114
2026-01-15,8:00p,Milwaukee Bucks,San Antonio Spurs,101,119
2026-01-15,8:30p,Utah Jazz,Dallas Mavericks,122,144
2026-01-15,10:00p,New York Knicks,Golden State Warriors,113,126
2026-01-15,10:00p,Atlanta Hawks,Portland Trail Blazers,101,117
2026-01-15,10:30p,Charlotte Hornets,Los Angeles Lakers,135,117
2026-01-16,7:00p,New Orleans Pelicans,Indiana Pacers,119,127
2026-01-16,7:00p,Cleveland Cavaliers,Philadelphia 76ers,117,115
2026-01-16,7:30p,Chicago Bulls,Brooklyn Nets,109,112
2026-01-16,7:30p,Los Angeles Clippers,Toronto Raptors,121,117
2026-01-16,9:30p,Minnesota Timberwolves,Houston Rockets,105,110
2026-01-16,10:00p,Washington Wizards,Sacramento Kings,115,128
2026-01-17,5:00p,Utah Jazz,Dallas Mavericks,120,138
2026-01-17,7:30p,Boston Celtics,Atlanta Hawks,132,106
2026-01-17,7:30p,Indiana Pacers,Detroit Pistons,78,121
2026-01-17,7:30p,Phoenix Suns,New York Knicks,106,99
2026-01-17,8:00p,Oklahoma City Thunder,Miami Heat,120,122
2026-01-17,8:00p,Minnesota Timberwolves,San Antonio Spurs,123,126
2026-01-17,8:30p,Charlotte Hornets,Golden State Warriors,116,136
2026-01-17,9:00p,Washington Wizards,Denver Nuggets,115,121
2026-01-17,10:00p,Los Angeles Lakers,Portland Trail Blazers,116,132
2026-01-18,12:00p,Orlando Magic,Memphis Grizzlies,109,126
2026-01-18,7:00p,Brooklyn Nets,Chicago Bulls,102,124
2026-01-18,7:00p,New Orleans Pelicans,Houston Rockets,110,119
2026-01-18,8:00p,Charlotte Hornets,Denver Nuggets,110,87
2026-01-18,9:00p,Portland Trail Blazers,Sacramento Kings,117,110
2026-01-18,9:30p,Toronto Raptors,Los Angeles Lakers,93,110
2026-01-19,1:00p,Milwaukee Bucks,Atlanta Hawks,112,110
2026-01-19,2:30p,Oklahoma City Thunder,Cleveland Cavaliers,136,104
2026-01-19,3:00p,Los Angeles Clippers,Washington Wizards,110,106
2026-01-19,5:00p,Dallas Mavericks,New York Knicks,114,97
2026-01-19,5:00p,Utah Jazz,San Antonio Spurs,110,123
2026-01-19,7:00p,Indiana Pacers,Philadelphia 76ers,104,113
2026-01-19,7:30p,Phoenix Suns,Brooklyn Nets,126,117
2026-01-19,8:00p,Boston Celtics,Detroit Pistons,103,104
2026-01-19,10:00p,Miami Heat,Golden State Warriors,112,135
2026-01-20,7:00p,Phoenix Suns,Philadelphia 76ers,116,110
2026-01-20,8:00p,Los Angeles Clippers,Chicago Bulls,110,138
2026-01-20,8:00p,San Antonio Spurs,Houston Rockets,106,111
2026-01-20,9:00p,Minnesota Timberwolves,Utah Jazz,122,127
2026-01-20,10:00p,Los Angeles Lakers,Denver Nuggets,115,107
2026-01-20,10:00p,Toronto Raptors,Golden State Warriors,145,127
2026-01-20,10:00p,Miami Heat,Sacramento Kings,130,117
2026-01-21,7:00p,Cleveland Cavaliers,Charlotte Hornets,94,87
2026-01-21,7:30p,Indiana Pacers,Boston Celtics,104,119
2026-01-21,7:30p,Brooklyn Nets,New York Knicks,66,120
2026-01-21,8:00p,Atlanta Hawks,Memphis Grizzlies,124,122
2026-01-21,8:00p,Detroit Pistons,New Orleans Pelicans,112,104
2026-01-21,9:30p,Oklahoma City Thunder,Milwaukee Bucks,122,102
2026-01-21,10:00p,Toronto Raptors,Sacramento Kings,122,109
2026-01-22,7:00p,Charlotte Hornets,Orlando Magic,124,97
2026-01-22,7:00p,Houston Rockets,Philadelphia 76ers,122,128
2026-01-22,7:00p,Denver Nuggets,Washington Wizards,107,97
2026-01-22,7:30p,Golden State Warriors,Dallas Mavericks,115,123
2026-01-22,8:00p,Chicago Bulls,Minnesota Timberwolves,120,115
2026-01-22,9:00p,San Antonio Spurs,Utah Jazz,126,109
2026-01-22,10:00p,Los Angeles Lakers,Los Angeles Clippers,104,112
2026-01-22,10:00p,Miami Heat,Portland Trail Blazers,110,127
2026-01-23,7:00p,Houston Rockets,Detroit Pistons,111,104
2026-01-23,7:30p,Phoenix Suns,Atlanta Hawks,103,110
2026-01-23,7:30p,Boston Celtics,Brooklyn Nets,130,126
2026-01-23,7:30p,Sacramento Kings,Cleveland Cavaliers,118,123
2026-01-23,8:00p,New Orleans Pelicans,Memphis Grizzlies,133,127
2026-01-23,8:00p,Indiana Pacers,Oklahoma City Thunder,117,114
2026-01-23,9:30p,Denver Nuggets,Milwaukee Bucks,102,100
2026-01-23,10:00p,Toronto Raptors,Portland Trail Blazers,110,98
2026-01-24,12:00p,Washington Wizards,Charlotte Hornets,115,119
2026-01-24,3:00p,New York Knicks,Philadelphia 76ers,112,109
2026-01-24,7:00p,Cleveland Cavaliers,Orlando Magic,119,105
2026-01-24,8:00p,Boston Celtics,Chicago Bulls,111,114
2026-01-24,8:30p,Los Angeles Lakers,Dallas Mavericks,116,110
2026-01-24,9:30p,Miami Heat,Utah Jazz,147,116
2026-01-25,3:00p,Sacramento Kings,Detroit Pistons,116,139
2026-01-25,5:30p,Golden State Warriors,Minnesota Timberwolves,111,85
2026-01-25,7:00p,Toronto Raptors,Oklahoma City Thunder,103,101
2026-01-25,7:00p,New Orleans Pelicans,San Antonio Spurs,104,95
2026-01-25,8:00p,Miami Heat,Phoenix Suns,111,102
2026-01-25,9:00p,Brooklyn Nets,Los Angeles Clippers,89,126
2026-01-26,1:30p,Indiana Pacers,Atlanta Hawks,116,132
2026-01-26,3:00p,Philadelphia 76ers,Charlotte Hornets,93,130
2026-01-26,7:00p,Orlando Magic,Cleveland Cavaliers,98,114
2026-01-26,8:00p,Portland Trail Blazers,Boston Celtics,94,102
2026-01-26,8:00p,Los Angeles Lakers,Chicago Bulls,129,118
2026-01-26,8:00p,Memphis Grizzlies,Houston Rockets,99,108
2026-01-26,9:30p,Golden State Warriors,Minnesota Timberwolves,83,108
2026-01-27,7:00p,Portland Trail Blazers,Washington Wizards,111,115
2026-01-27,7:30p,Sacramento Kings,New York Knicks,87,103
2026-01-27,8:00p,New Orleans Pelicans,Oklahoma City Thunder,95,104
2026-01-27,8:00p,Milwaukee Bucks,Philadelphia 76ers,122,139
2026-01-27,9:00p,Detroit Pistons,Denver Nuggets,109,107
2026-01-27,9:00p,Brooklyn Nets,Phoenix Suns,102,106
2026-01-27,10:00p,Los Angeles Clippers,Utah Jazz,115,103
2026-01-28,7:00p,Los Angeles Lakers,Cleveland Cavaliers,99,129
2026-01-28,7:00p,Chicago Bulls,Indiana Pacers,110,113
2026-01-28,7:30p,Atlanta Hawks,Boston Celtics,117,106
2026-01-28,7:30p,Orlando Magic,Miami Heat,133,124
2026-01-28,7:30p,New York Knicks,Toronto Raptors,119,92
2026-01-28,8:00p,Charlotte Hornets,Memphis Grizzlies,112,97
2026-01-28,8:30p,Minnesota Timberwolves,Dallas Mavericks,118,105
2026-01-28,9:00p,Golden State Warriors,Utah Jazz,140,124
2026-01-28,9:30p,San Antonio Spurs,Houston Rockets,111,99
2026-01-29,7:00p,Sacramento Kings,Philadelphia 76ers,111,113
2026-01-29,7:00p,Milwaukee Bucks,Washington Wizards,99,109
2026-01-29,8:00p,Houston Rockets,Atlanta Hawks,104,86
2026-01-29,8:00p,Miami Heat,Chicago Bulls,116,113
2026-01-29,8:30p,Charlotte Hornets,Dallas Mavericks,123,121
2026-01-29,9:00p,Brooklyn Nets,Denver Nuggets,103,107
2026-01-29,9:00p,Detroit Pistons,Phoenix Suns,96,114
2026-01-29,9:30p,Oklahoma City Thunder,Minnesota Timberwolves,111,123
2026-01-30,7:00p,Los Angeles Lakers,Washington Wizards,142,111
2026-01-30,7:30p,Sacramento Kings,Boston Celtics,93,112
2026-01-30,7:30p,Memphis Grizzlies,New Orleans Pelicans,106,114
2026-01-30,7:30p,Portland Trail Blazers,New York Knicks,97,127
2026-01-30,7:30p,Toronto Raptors,Orlando Magic,120,130
2026-01-30,9:00p,Los Angeles Clippers,Denver Nuggets,109,122
2026-01-30,9:00p,Cleveland Cavaliers,Phoenix Suns,113,126
2026-01-30,9:30p,Brooklyn Nets,Utah Jazz,109,99
2026-01-30,10:00p,Detroit Pistons,Golden State Warriors,131,124
2026-01-31,12:00p,San Antonio Spurs,Charlotte Hornets,106,111
2026-01-31,7:00p,Atlanta Hawks,Indiana Pacers,124,129
2026-01-31,7:30p,New Orleans Pelicans,Philadelphia 76ers,114,124
2026-01-31,8:00p,Minnesota Timberwolves,Memphis Grizzlies,131,114
2026-01-31,8:00p,Chicago Bulls,Miami Heat,125,118
2026-01-31,8:30p,Dallas Mavericks,Houston Rockets,107,111
2026-02-01,3:30p,Milwaukee Bucks,Boston Celtics,79,107
2026-02-01,6:00p,Brooklyn Nets,Detroit Pistons,77,130
2026-02-01,6:00p,Chicago Bulls,Miami Heat,91,134
2026-02-01,6:00p,Utah Jazz,Toronto Raptors,100,107
2026-02-01,6:00p,Sacramento Kings,Washington Wizards,112,116
2026-02-01,7:00p,Los Angeles Lakers,New York Knicks,100,112
2026-02-01,8:00p,Los Angeles Clippers,Phoenix Suns,117,93
2026-02-01,9:00p,Cleveland Cavaliers,Portland Trail Blazers,130,111
2026-02-01,9:00p,Orlando Magic,San Antonio Spurs,103,112
2026-02-01,9:30p,Oklahoma City Thunder,Denver Nuggets,121,111
2026-02-02,3:00p,New Orleans Pelicans,Charlotte Hornets,95,102
2026-02-02,7:00p,Houston Rockets,Indiana Pacers,118,114
2026-02-02,7:30p,Minnesota Timberwolves,Memphis Grizzlies,128,137
2026-02-02,10:00p,Philadelphia 76ers,Los Angeles Clippers,128,113
2026-02-03,7:00p,Denver Nuggets,Detroit Pistons,121,124
2026-02-03,7:00p,Utah Jazz,Indiana Pacers,131,122
2026-02-03,7:00p,New York Knicks,Washington Wizards,132,101
2026-02-03,7:30p,Los Angeles Lakers,Brooklyn Nets,125,109
2026-02-03,7:30p,Atlanta Hawks,Miami Heat,127,115
2026-02-03,8:00p,Boston Celtics,Dallas Mavericks,110,100
2026-02-03,8:00p,Chicago Bulls,Milwaukee Bucks,115,131
2026-02-03,8:00p,Orlando Magic,Oklahoma City Thunder,92,128
2026-02-03,10:00p,Philadelphia 76ers,Golden State Warriors,113,94
2026-02-03,11:00p,Phoenix Suns,Portland Trail Blazers,130,125
2026-02-04,7:00p,Denver Nuggets,New York Knicks,127,134
2026-02-04,7:30p,Minnesota Timberwolves,Toronto Raptors,128,126
2026-02-04,8:00p,Boston Celtics,Houston Rockets,114,93
2026-02-04,8:00p,New Orleans Pelicans,Milwaukee Bucks,137,141
2026-02-04,9:30p,Oklahoma City Thunder,San Antonio Spurs,106,116
2026-02-04,10:00p,Memphis Grizzlies,Sacramento Kings,129,125
2026-02-04,10:30p,Cleveland Cavaliers,Los Angeles Clippers,124,91
2026-02-05,7:00p,Washington Wizards,Detroit Pistons,126,117
2026-02-05,7:00p,Brooklyn Nets,Orlando Magic,98,118
2026-02-05,7:30p,Utah Jazz,Atlanta Hawks,119,121
2026-02-05,7:30p,Chicago Bulls,Toronto Raptors,107,123
2026-02-05,8:00p,Charlotte Hornets,Houston Rockets,109,99
2026-02-05,8:30p,San Antonio Spurs,Dallas Mavericks,135,123
2026-02-05,10:00p,Philadelphia 76ers,Los Angeles Lakers,115,119
2026-02-05,10:00p,Golden State Warriors,Phoenix Suns,101,97
2026-02-06,7:30p,Miami Heat,Boston Celtics,96,98
2026-02-06,7:30p,New York Knicks,Detroit Pistons,80,118
2026-02-06,8:00p,Indiana Pacers,Milwaukee Bucks,99,105
2026-02-06,8:00p,New Orleans Pelicans,Minnesota Timberwolves,119,115
2026-02-06,10:00p,Memphis Grizzlies,Portland Trail Blazers,115,135
2026-02-06,10:00p,Los Angeles Clippers,Sacramento Kings,114,111
2026-02-07,3:00p,Washington Wizards,Brooklyn Nets,113,127
2026-02-07,3:30p,Houston Rockets,Oklahoma City Thunder,112,106
2026-02-07,6:00p,Dallas Mavericks,San Antonio Spurs,125,138
2026-02-07,7:00p,Utah Jazz,Orlando Magic,117,120
2026-02-07,7:30p,Charlotte Hornets,Atlanta Hawks,126,119
2026-02-07,8:00p,Denver Nuggets,Chicago Bulls,136,120
2026-02-07,8:30p,Golden State Warriors,Los Angeles Lakers,99,105
2026-02-07,9:00p,Philadelphia 76ers,Phoenix Suns,109,103
2026-02-07,10:00p,Memphis Grizzlies,Portland Trail Blazers,115,122
2026-02-07,10:00p,Cleveland Cavaliers,Sacramento Kings,132,126
2026-02-08,12:30p,New York Knicks,Boston Celtics,111,89
2026-02-08,2:00p,Miami Heat,Washington Wizards,132,101
2026-02-08,3:00p,Los Angeles Clippers,Minnesota Timberwolves,115,96
2026-02-08,3:00p,Indiana Pacers,Toronto Raptors,104,122
2026-02-09,7:00p,Detroit Pistons,Charlotte Hornets,110,104
2026-02-09,7:30p,Chicago Bulls,Brooklyn Nets,115,123
2026-02-09,7:30p,Utah Jazz,Miami Heat,115,111
2026-02-09,7:30p,Milwaukee Bucks,Orlando Magic,99,118
2026-02-09,8:00p,Atlanta Hawks,Minnesota Timberwolves,116,138
2026-02-09,8:00p,Sacramento Kings,New Orleans Pelicans,94,120
2026-02-09,9:00p,Cleveland Cavaliers,Denver Nuggets,119,117
2026-02-09,10:00p,Memphis Grizzlies,Golden State Warriors,113,114
2026-02-09,10:00p,Oklahoma City Thunder,Los Angeles Lakers,119,110
2026-02-09,10:00p,Philadelphia 76ers,Portland Trail Blazers,118,135
2026-02-10,7:30p,Indiana Pacers,New York Knicks,137,134
2026-02-10,8:00p,Los Angeles Clippers,Houston Rockets,95,102
2026-02-10,9:00p,Dallas Mavericks,Phoenix Suns,111,120
2026-02-10,10:30p,San Antonio Spurs,Los Angeles Lakers,136,108
2026-02-11,7:00p,Atlanta Hawks,Charlotte Hornets,107,110
2026-02-11,7:00p,Washington Wizards,Cleveland Cavaliers,113,138
2026-02-11,7:00p,Milwaukee Bucks,Orlando Magic,116,108
2026-02-11,7:30p,Chicago Bulls,Boston Celtics,105,124
2026-02-11,7:30p,Indiana Pacers,Brooklyn Nets,115,110
2026-02-11,7:30p,New York Knicks,Philadelphia 76ers,138,89
2026-02-11,7:30p,Detroit Pistons,Toronto Raptors,113,95
2026-02-11,8:00p,Los Angeles Clippers,Houston Rockets,105,102
2026-02-11,8:00p,Portland Trail Blazers,Minnesota Timberwolves,109,133
2026-02-11,8:00p,Miami Heat,New Orleans Pelicans,123,111
2026-02-11,9:00p,Memphis Grizzlies,Denver Nuggets,116,122
2026-02-11,9:00p,Oklahoma City Thunder,Phoenix Suns,136,109
2026-02-11,9:00p,Sacramento Kings,Utah Jazz,93,121
2026-02-11,10:00p,San Antonio Spurs,Golden State Warriors,126,113
2026-02-12,7:30p,Milwaukee Bucks,Oklahoma City Thunder,110,93
2026-02-12,9:00p,Portland Trail Blazers,Utah Jazz,135,119
2026-02-12,10:00p,Dallas Mavericks,Los Angeles Lakers,104,124
2026-02-19,7:00p,Houston Rockets,Charlotte Hornets,105,101
2026-02-19,7:00p,Brooklyn Nets,Cleveland Cavaliers,84,112
2026-02-19,7:00p,Atlanta Hawks,Philadelphia 76ers,117,107
2026-02-19,7:00p,Indiana Pacers,Washington Wizards,105,112
2026-02-19,7:30p,Detroit Pistons,New York Knicks,126,111
2026-02-19,8:00p,Toronto Raptors,Chicago Bulls,110,101
2026-02-19,8:30p,Phoenix Suns,San Antonio Spurs,94,121
2026-02-19,10:00p,Boston Celtics,Golden State Warriors,121,110
2026-02-19,10:00p,Orlando Magic,Sacramento Kings,131,94
2026-02-19,10:30p,Denver Nuggets,Los Angeles Clippers,114,115
2026-02-20,7:00p,Cleveland Cavaliers,Charlotte Hornets,118,113
2026-02-20,7:00p,Utah Jazz,Memphis Grizzlies,114,123
2026-02-20,7:00p,Indiana Pacers,Washington Wizards,118,131
2026-02-20,7:30p,Miami Heat,Atlanta Hawks,128,97
2026-02-20,7:30p,Dallas Mavericks,Minnesota Timberwolves,111,122
2026-02-20,8:00p,Milwaukee Bucks,New Orleans Pelicans,139,118
2026-02-20,8:00p,Brooklyn Nets,Oklahoma City Thunder,86,105
2026-02-20,10:00p,Los Angeles Clippers,Los Angeles Lakers,122,125
2026-02-20,10:00p,Denver Nuggets,Portland Trail Blazers,157,103
2026-02-21,5:00p,Orlando Magic,Phoenix Suns,110,113
2026-02-21,7:00p,Philadelphia 76ers,New Orleans Pelicans,111,126
2026-02-21,8:00p,Detroit Pistons,Chicago Bulls,126,110
2026-02-21,8:00p,Memphis Grizzlies,Miami Heat,120,136
2026-02-21,8:00p,Sacramento Kings,San Antonio Spurs,122,139
2026-02-21,8:30p,Houston Rockets,New York Knicks,106,108
2026-02-22,1:00p,Cleveland Cavaliers,Oklahoma City Thunder,113,121
2026-02-22,3:30p,Brooklyn Nets,Atlanta Hawks,104,115
2026-02-22,3:30p,Denver Nuggets,Golden State Warriors,117,128
2026-02-22,3:30p,Toronto Raptors,Milwaukee Bucks,122,94
2026-02-22,5:00p,Dallas Mavericks,Indiana Pacers,134,130
2026-02-22,6:00p,Charlotte Hornets,Washington Wizards,129,112
2026-02-22,6:30p,Boston Celtics,Los Angeles Lakers,111,89
2026-02-22,7:00p,Philadelphia 76ers,Minnesota Timberwolves,135,108
2026-02-22,8:00p,New York Knicks,Chicago Bulls,105,99
2026-02-22,8:00p,Portland Trail Blazers,Phoenix Suns,92,77
2026-02-22,9:00p,Orlando Magic,Los Angeles Clippers,111,109
2026-02-23,7:00p,San Antonio Spurs,Detroit Pistons,114,103
2026-02-23,8:00p,Sacramento Kings,Memphis Grizzlies,123,114
2026-02-23,9:30p,Utah Jazz,Houston Rockets,105,125
2026-02-24,7:00p,Philadelphia 76ers,Indiana Pacers,135,114
2026-02-24,7:30p,Washington Wizards,Atlanta Hawks,98,119
2026-02-24,7:30p,Dallas Mavericks,Brooklyn Nets,123,114
2026-02-24,7:30p,New York Knicks,Cleveland Cavaliers,94,109
2026-02-24,7:30p,Oklahoma City Thunder,Toronto Raptors,116,107
2026-02-24,8:00p,Charlotte Hornets,Chicago Bulls,131,99
2026-02-24,8:00p,Miami Heat,Milwaukee Bucks,117,128
2026-02-24,8:00p,Golden State Warriors,New Orleans Pelicans,109,113
2026-02-24,9:00p,Boston Celtics,Phoenix Suns,97,81
2026-02-24,10:00p,Minnesota Timberwolves,Portland Trail Blazers,124,121
2026-02-24,10:30p,Orlando Magic,Los Angeles Lakers,110,109
2026-02-25,7:30p,Oklahoma City Thunder,Detroit Pistons,116,124
2026-02-25,7:30p,Golden State Warriors,Memphis Grizzlies,133,112
2026-02-25,7:30p,San Antonio Spurs,Toronto Raptors,110,107
2026-02-25,8:00p,Sacramento Kings,Houston Rockets,97,128
2026-02-25,8:00p,Cleveland Cavaliers,Milwaukee Bucks,116,118
2026-02-25,10:00p,Boston Celtics,Denver Nuggets,84,103
2026-02-26,7:00p,Charlotte Hornets,Indiana Pacers,133,109
2026-02-26,7:00p,Miami Heat,Philadelphia 76ers,117,124
2026-02-26,7:30p,Washington Wizards,Atlanta Hawks,96,126
2026-02-26,7:30p,San Antonio Spurs,Brooklyn Nets,126,110
2026-02-26,7:30p,Houston Rockets,Orlando Magic,113,108
2026-02-26,8:00p,Portland Trail Blazers,Chicago Bulls,121,112
2026-02-26,8:30p,Sacramento Kings,Dallas Mavericks,130,121
2026-02-26,9:00p,Los Angeles Lakers,Phoenix Suns,110,113
2026-02-26,9:00p,New Orleans Pelicans,Utah Jazz,129,118
2026-02-26,10:00p,Minnesota Timberwolves,Los Angeles Clippers,94,88
2026-02-27,7:00p,Cleveland Cavaliers,Detroit Pistons,119,122
2026-02-27,7:30p,Brooklyn Nets,Boston Celtics,111,148
2026-02-27,8:00p,New York Knicks,Milwaukee Bucks,127,98
2026-02-27,8:30p,Memphis Grizzlies,Dallas Mavericks,124,105
2026-02-27,9:30p,Denver Nuggets,Oklahoma City Thunder,121,127
2026-02-28,1:00p,Portland Trail Blazers,Charlotte Hornets,93,109
2026-02-28,3:30p,Houston Rockets,Miami Heat,105,115
2026-02-28,7:00p,Toronto Raptors,Washington Wizards,134,125
2026-02-28,8:30p,Los Angeles Lakers,Golden State Warriors,129,101
2026-02-28,9:30p,New Orleans Pelicans,Utah Jazz,115,105
2026-03-01,1:00p,San Antonio Spurs,New York Knicks,89,114
2026-03-01,3:30p,Cleveland Cavaliers,Brooklyn Nets,106,102
2026-03-01,3:30p,Milwaukee Bucks,Chicago Bulls,97,120
2026-03-01,3:30p,Minnesota Timberwolves,Denver Nuggets,117,108
2026-03-01,5:00p,Memphis Grizzlies,Indiana Pacers,125,106
2026-03-01,6:00p,Portland Trail Blazers,Atlanta Hawks,101,135
2026-03-01,6:00p,Detroit Pistons,Orlando Magic,106,92
2026-03-01,8:00p,Philadelphia 76ers,Boston Celtics,98,114
2026-03-01,8:00p,Oklahoma City Thunder,Dallas Mavericks,100,87
2026-03-01,9:00p,New Orleans Pelicans,Los Angeles Clippers,117,137
2026-03-01,9:30p,Sacramento Kings,Los Angeles Lakers,104,128
2026-03-02,7:00p,Houston Rockets,Washington Wizards,123,118
2026-03-02,7:30p,Boston Celtics,Milwaukee Bucks,108,81
2026-03-02,9:00p,Denver Nuggets,Utah Jazz,128,125
2026-03-02,10:00p,Los Angeles Clippers,Golden State Warriors,114,101
2026-03-03,7:00p,Dallas Mavericks,Charlotte Hornets,90,117
2026-03-03,7:00p,Detroit Pistons,Cleveland Cavaliers,109,113
2026-03-03,7:00p,Washington Wizards,Orlando Magic,109,126
2026-03-03,7:30p,Brooklyn Nets,Miami Heat,98,124
2026-03-03,7:30p,New York Knicks,Toronto Raptors,111,95
2026-03-03,8:00p,Oklahoma City Thunder,Chicago Bulls,116,108
2026-03-03,8:00p,Memphis Grizzlies,Minnesota Timberwolves,110,117
2026-03-03,8:00p,San Antonio Spurs,Philadelphia 76ers,131,91
2026-03-03,10:30p,New Orleans Pelicans,Los Angeles Lakers,101,110
2026-03-03,11:00p,Phoenix Suns,Sacramento Kings,114,103
2026-03-04,7:00p,Oklahoma City Thunder,New York Knicks,103,100
2026-03-04,7:30p,Charlotte Hornets,Boston Celtics,118,89
2026-03-04,7:30p,Utah Jazz,Philadelphia 76ers,102,106
2026-03-04,8:00p,Portland Trail Blazers,Memphis Grizzlies,122,114
2026-03-04,9:30p,Atlanta Hawks,Milwaukee Bucks,131,113
2026-03-04,10:30p,Indiana Pacers,Los Angeles Clippers,107,130
2026-03-05,7:00p,Dallas Mavericks,Orlando Magic,114,115
2026-03-05,7:00p,Utah Jazz,Washington Wizards,122,112
2026-03-05,7:30p,Golden State Warriors,Houston Rockets,115,113
2026-03-05,7:30p,Brooklyn Nets,Miami Heat,110,126
2026-03-05,8:00p,Toronto Raptors,Minnesota Timberwolves,107,115
2026-03-05,8:00p,Detroit Pistons,San Antonio Spurs,106,121
2026-03-05,9:00p,Chicago Bulls,Phoenix Suns,105,103
2026-03-05,10:00p,Los Angeles Lakers,Denver Nuggets,113,120
2026-03-05,10:00p,New Orleans Pelicans,Sacramento Kings,133,123
2026-03-06,7:00p,Dallas Mavericks,Boston Celtics,100,120
2026-03-06,7:00p,Miami Heat,Charlotte Hornets,128,120
2026-03-06,8:00p,Portland Trail Blazers,Houston Rockets,99,106
2026-03-06,9:00p,New York Knicks,Denver Nuggets,142,103
2026-03-06,9:00p,New Orleans Pelicans,Phoenix Suns,116,118
2026-03-06,9:30p,Los Angeles Clippers,San Antonio Spurs,112,116
2026-03-06,10:30p,Indiana Pacers,Los Angeles Lakers,117,128
2026-03-07,3:00p,Orlando Magic,Minnesota Timberwolves,119,92
2026-03-07,6:00p,Philadelphia 76ers,Atlanta Hawks,116,125
2026-03-07,6:00p,Brooklyn Nets,Detroit Pistons,107,105
2026-03-07,8:00p,Los Angeles Clippers,Memphis Grizzlies,123,120
2026-03-07,8:00p,Utah Jazz,Milwaukee Bucks,99,113
2026-03-07,8:30p,Golden State Warriors,Oklahoma City Thunder,97,104
2026-03-08,1:00p,Boston Celtics,Cleveland Cavaliers,109,98
2026-03-08,3:30p,New York Knicks,Los Angeles Lakers,97,110
2026-03-08,6:00p,Detroit Pistons,Miami Heat,110,121
2026-03-08,6:00p,Dallas Mavericks,Toronto Raptors,92,122
2026-03-08,7:00p,Washington Wizards,New Orleans Pelicans,118,138
2026-03-08,8:00p,Orlando Magic,Milwaukee Bucks,130,91
2026-03-08,8:00p,Houston Rockets,San Antonio Spurs,120,145
2026-03-08,9:00p,Indiana Pacers,Portland Trail Blazers,111,131
2026-03-08,9:00p,Chicago Bulls,Sacramento Kings,110,126
2026-03-08,10:00p,Charlotte Hornets,Phoenix Suns,99,111
2026-03-09,7:00p,Philadelphia 76ers,Cleveland Cavaliers,101,115
2026-03-09,7:30p,Memphis Grizzlies,Brooklyn Nets,115,126
2026-03-09,7:30p,Denver Nuggets,Oklahoma City Thunder,126,129
2026-03-09,9:00p,Golden State Warriors,Utah Jazz,116,119
2026-03-09,10:00p,New York Knicks,Los Angeles Clippers,118,126
2026-03-10,7:00p,Memphis Grizzlies,Philadelphia 76ers,129,139
2026-03-10,7:30p,Dallas Mavericks,Atlanta Hawks,112,124
2026-03-10,7:30p,Detroit Pistons,Brooklyn Nets,138,100
2026-03-10,7:30p,Washington Wizards,Miami Heat,129,150
2026-03-10,8:00p,Toronto Raptors,Houston Rockets,99,113
2026-03-10,8:00p,Phoenix Suns,Milwaukee Bucks,129,114
2026-03-10,8:00p,Boston Celtics,San Antonio Spurs,116,125
2026-03-10,10:00p,Chicago Bulls,Golden State Warriors,130,124
2026-03-10,10:00p,Charlotte Hornets,Portland Trail Blazers,103,101
2026-03-10,10:00p,Indiana Pacers,Sacramento Kings,109,114
2026-03-10,11:00p,Minnesota Timberwolves,Los Angeles Lakers,106,120
2026-03-11,7:30p,Cleveland Cavaliers,Orlando Magic,122,128
2026-03-11,8:00p,Toronto Raptors,New Orleans Pelicans,111,122
2026-03-11,9:00p,New York Knicks,Utah Jazz,134,117
2026-03-11,10:00p,Houston Rockets,Denver Nuggets,93,129
2026-03-11,10:00p,Charlotte Hornets,Sacramento Kings,117,109
2026-03-11,10:30p,Minnesota Timberwolves,Los Angeles Clippers,128,153
2026-03-12,7:00p,Philadelphia 76ers,Detroit Pistons,109,131
2026-03-12,7:00p,Phoenix Suns,Indiana Pacers,123,108
2026-03-12,7:00p,Washington Wizards,Orlando Magic,131,136
2026-03-12,7:30p,Brooklyn Nets,Atlanta Hawks,97,108
2026-03-12,7:30p,Milwaukee Bucks,Miami Heat,105,112
2026-03-12,8:00p,Dallas Mavericks,Memphis Grizzlies,120,112
2026-03-12,9:00p,Denver Nuggets,San Antonio Spurs,136,131
2026-03-12,9:30p,Boston Celtics,Oklahoma City Thunder,102,104
2026-03-12,10:30p,Chicago Bulls,Los Angeles Lakers,130,142
2026-03-13,7:30p,Cleveland Cavaliers,Dallas Mavericks,138,105
2026-03-13,7:30p,Memphis Grizzlies,Detroit Pistons,110,126
2026-03-13,7:30p,New York Knicks,Indiana Pacers,101,92
2026-03-13,7:30p,Phoenix Suns,Toronto Raptors,115,122
2026-03-13,8:00p,New Orleans Pelicans,Houston Rockets,105,107
2026-03-13,10:00p,Minnesota Timberwolves,Golden State Warriors,127,117
2026-03-13,10:00p,Utah Jazz,Portland Trail Blazers,114,124
2026-03-13,10:30p,Chicago Bulls,Los Angeles Clippers,108,119
2026-03-14,1:00p,Brooklyn Nets,Philadelphia 76ers,97,104
2026-03-14,3:00p,Milwaukee Bucks,Atlanta Hawks,99,122
2026-03-14,3:30p,Charlotte Hornets,San Antonio Spurs,102,115
2026-03-14,6:00p,Washington Wizards,Boston Celtics,100,111
2026-03-14,8:00p,Orlando Magic,Miami Heat,121,117
2026-03-14,8:30p,Denver Nuggets,Los Angeles Lakers,125,127
2026-03-14,10:30p,Sacramento Kings,Los Angeles Clippers,118,109
2026-03-15,1:00p,Minnesota Timberwolves,Oklahoma City Thunder,103,116
2026-03-15,3:30p,Dallas Mavericks,Cleveland Cavaliers,130,120
2026-03-15,3:30p,Indiana Pacers,Milwaukee Bucks,123,134
2026-03-15,3:30p,Detroit Pistons,Toronto Raptors,108,119
2026-03-15,6:00p,Portland Trail Blazers,Philadelphia 76ers,103,109
2026-03-15,8:00p,Golden State Warriors,New York Knicks,107,110
2026-03-15,10:00p,Utah Jazz,Sacramento Kings,111,116
2026-03-16,7:00p,Orlando Magic,Atlanta Hawks,112,124
2026-03-16,7:00p,Golden State Warriors,Washington Wizards,125,117
2026-03-16,7:30p,Phoenix Suns,Boston Celtics,112,120
2026-03-16,7:30p,Portland Trail Blazers,Brooklyn Nets,114,95
2026-03-16,8:00p,Memphis Grizzlies,Chicago Bulls,107,132
2026-03-16,8:00p,Dallas Mavericks,New Orleans Pelicans,111,129
2026-03-16,9:30p,Los Angeles Lakers,Houston Rockets,100,92
2026-03-16,10:00p,San Antonio Spurs,Los Angeles Clippers,119,115
2026-03-17,7:00p,Miami Heat,Charlotte Hornets,106,136
2026-03-17,7:00p,Oklahoma City Thunder,Orlando Magic,113,108
2026-03-17,7:00p,Detroit Pistons,Washington Wizards,130,117
2026-03-17,7:30p,Indiana Pacers,New York Knicks,110,136
2026-03-17,8:00p,Cleveland Cavaliers,Milwaukee Bucks,123,116
2026-03-17,8:00p,Phoenix Suns,Minnesota Timberwolves,104,116
2026-03-17,10:00p,Philadelphia 76ers,Denver Nuggets,96,124
2026-03-17,10:00p,San Antonio Spurs,Sacramento Kings,132,104
2026-03-18,7:00p,Golden State Warriors,Boston Celtics,99,120
2026-03-18,7:30p,Oklahoma City Thunder,Brooklyn Nets,121,92
2026-03-18,7:30p,Portland Trail Blazers,Indiana Pacers,127,119
2026-03-18,8:00p,Toronto Raptors,Chicago Bulls,139,109
2026-03-18,8:00p,Utah Jazz,Minnesota Timberwolves,111,147
2026-03-18,8:00p,Los Angeles Clippers,New Orleans Pelicans,109,124
2026-03-18,8:30p,Atlanta Hawks,Dallas Mavericks,135,120
2026-03-18,8:30p,Denver Nuggets,Memphis Grizzlies,118,125
2026-03-18,9:30p,Los Angeles Lakers,Houston Rockets,124,116
2026-03-19,7:00p,Orlando Magic,Charlotte Hornets,111,130
2026-03-19,7:00p,Detroit Pistons,Washington Wizards,117,95
2026-03-19,8:00p,Cleveland Cavaliers,Chicago Bulls,115,110
2026-03-19,8:00p,Los Angeles Lakers,Miami Heat,134,126
2026-03-19,8:00p,Los Angeles Clippers,New Orleans Pelicans,99,105
2026-03-19,8:00p,Phoenix Suns,San Antonio Spurs,100,101
2026-03-19,9:00p,Milwaukee Bucks,Utah Jazz,96,128
2026-03-19,10:00p,Philadelphia 76ers,Sacramento Kings,139,118
2026-03-20,7:30p,New York Knicks,Brooklyn Nets,93,92
2026-03-20,7:30p,Golden State Warriors,Detroit Pistons,101,115
2026-03-20,8:00p,Atlanta Hawks,Houston Rockets,95,117
2026-03-20,8:00p,Boston Celtics,Memphis Grizzlies,117,112
2026-03-20,8:00p,Portland Trail Blazers,Minnesota Timberwolves,108,104
2026-03-20,9:00p,Toronto Raptors,Denver Nuggets,115,121
2026-03-21,5:00p,Oklahoma City Thunder,Washington Wizards,132,111
2026-03-21,7:00p,Memphis Grizzlies,Charlotte Hornets,101,124
2026-03-21,7:00p,Cleveland Cavaliers,New Orleans Pelicans,111,106
2026-03-21,7:00p,Los Angeles Lakers,Orlando Magic,105,104
2026-03-21,8:00p,Golden State Warriors,Atlanta Hawks,110,126
2026-03-21,8:00p,Miami Heat,Houston Rockets,122,123
2026-03-21,8:00p,Indiana Pacers,San Antonio Spurs,119,134
2026-03-21,8:30p,Los Angeles Clippers,Dallas Mavericks,138,131
2026-03-21,9:30p,Philadelphia 76ers,Utah Jazz,126,116
2026-03-21,10:00p,Milwaukee Bucks,Phoenix Suns,108,105
2026-03-22,5:00p,Portland Trail Blazers,Denver Nuggets,112,128
2026-03-22,6:00p,Brooklyn Nets,Sacramento Kings,122,126
2026-03-22,7:30p,Washington Wizards,New York Knicks,113,145
2026-03-22,8:00p,Minnesota Timberwolves,Boston Celtics,102,92
2026-03-22,9:00p,Toronto Raptors,Phoenix Suns,98,120
2026-03-23,7:00p,Los Angeles Lakers,Detroit Pistons,110,113
2026-03-23,7:00p,San Antonio Spurs,Miami Heat,136,111
2026-03-23,7:00p,Indiana Pacers,Orlando Magic,128,126
2026-03-23,7:00p,Oklahoma City Thunder,Philadelphia 76ers,123,103
2026-03-23,7:30p,Memphis Grizzlies,Atlanta Hawks,107,146
2026-03-23,8:00p,Houston Rockets,Chicago Bulls,124,132
2026-03-23,9:00p,Toronto Raptors,Utah Jazz,143,127
2026-03-23,9:30p,Golden State Warriors,Dallas Mavericks,137,131
2026-03-23,10:00p,Brooklyn Nets,Portland Trail Blazers,99,134
2026-03-23,10:30p,Milwaukee Bucks,Los Angeles Clippers,96,129
2026-03-24,7:00p,Sacramento Kings,Charlotte Hornets,90,134
2026-03-24,7:30p,New Orleans Pelicans,New York Knicks,116,121
2026-03-24,8:00p,Orlando Magic,Cleveland Cavaliers,131,136
2026-03-24,11:00p,Denver Nuggets,Phoenix Suns,125,123
2026-03-25,7:00p,Atlanta Hawks,Detroit Pistons,130,129
2026-03-25,7:00p,Los Angeles Lakers,Indiana Pacers,137,130
2026-03-25,7:00p,Chicago Bulls,Philadelphia 76ers,137,157
2026-03-25,7:30p,Oklahoma City Thunder,Boston Celtics,109,119
2026-03-25,7:30p,Miami Heat,Cleveland Cavaliers,120,103
2026-03-25,8:00p,San Antonio Spurs,Memphis Grizzlies,123,98
2026-03-25,9:00p,Washington Wizards,Utah Jazz,133,110
2026-03-25,9:30p,Houston Rockets,Minnesota Timberwolves,108,110
2026-03-25,10:00p,Dallas Mavericks,Denver Nuggets,135,142
2026-03-25,10:00p,Brooklyn Nets,Golden State Warriors,106,109
2026-03-25,10:00p,Milwaukee Bucks,Portland Trail Blazers,99,130
2026-03-25,10:30p,Toronto Raptors,Los Angeles Clippers,94,119
2026-03-26,7:00p,New York Knicks,Charlotte Hornets,103,114
2026-03-26,7:00p,New Orleans Pelicans,Detroit Pistons,108,129
2026-03-26,7:00p,Sacramento Kings,Orlando Magic,117,121
2026-03-27,7:00p,Los Angeles Clippers,Indiana Pacers,114,113
2026-03-27,7:30p,Atlanta Hawks,Boston Celtics,102,109
2026-03-27,7:30p,Miami Heat,Cleveland Cavaliers,128,149
2026-03-27,8:00p,Houston Rockets,Memphis Grizzlies,119,109
2026-03-27,8:00p,Chicago Bulls,Oklahoma City Thunder,113,131
2026-03-27,8:30p,New Orleans Pelicans,Toronto Raptors,106,119
2026-03-27,9:00p,Utah Jazz,Denver Nuggets,129,135
2026-03-27,10:00p,Washington Wizards,Golden State Warriors,126,131
2026-03-27,10:00p,Dallas Mavericks,Portland Trail Blazers,100,93
2026-03-27,10:30p,Brooklyn Nets,Los Angeles Lakers,99,116
2026-03-28,3:00p,San Antonio Spurs,Milwaukee Bucks,127,95
2026-03-28,5:30p,Detroit Pistons,Minnesota Timberwolves,109,87
2026-03-28,6:00p,Philadelphia 76ers,Charlotte Hornets,118,114
2026-03-28,7:30p,Sacramento Kings,Atlanta Hawks,113,123
2026-03-28,8:00p,Chicago Bulls,Memphis Grizzlies,124,125
2026-03-28,10:00p,Utah Jazz,Phoenix Suns,109,134
2026-03-29,3:30p,Los Angeles Clippers,Milwaukee Bucks,127,113
2026-03-29,5:00p,Miami Heat,Indiana Pacers,118,135
2026-03-29,6:00p,Sacramento Kings,Brooklyn Nets,99,116
2026-03-29,6:00p,Boston Celtics,Charlotte Hornets,114,99
2026-03-29,6:00p,Washington Wizards,Portland Trail Blazers,88,123
2026-03-29,6:00p,Orlando Magic,Toronto Raptors,87,139
2026-03-29,7:00p,Houston Rockets,New Orleans Pelicans,134,102
2026-03-29,7:30p,New York Knicks,Oklahoma City Thunder,100,111
2026-03-29,10:00p,Golden State Warriors,Denver Nuggets,93,116
2026-03-30,7:00p,Philadelphia 76ers,Miami Heat,109,119
2026-03-30,7:30p,Boston Celtics,Atlanta Hawks,102,112
2026-03-30,8:00p,Phoenix Suns,Memphis Grizzlies,131,105
2026-03-30,8:00p,Chicago Bulls,San Antonio Spurs,114,129
2026-03-30,8:30p,Minnesota Timberwolves,Dallas Mavericks,124,94
2026-03-30,9:00p,Cleveland Cavaliers,Utah Jazz,122,113
2026-03-30,9:30p,Detroit Pistons,Oklahoma City Thunder,110,114
2026-03-30,10:00p,Washington Wizards,Los Angeles Lakers,101,120
2026-03-31,7:00p,Phoenix Suns,Orlando Magic,111,115
2026-03-31,7:30p,Charlotte Hornets,Brooklyn Nets,117,86
2026-03-31,8:00p,Toronto Raptors,Detroit Pistons,116,127
2026-03-31,8:00p,New York Knicks,Houston Rockets,94,111
2026-03-31,8:00p,Dallas Mavericks,Milwaukee Bucks,99,123
2026-03-31,10:30p,Cleveland Cavaliers,Los Angeles Lakers,113,127
2026-03-31,11:00p,Portland Trail Blazers,Los Angeles Clippers,114,104
2026-04-01,7:00p,Atlanta Hawks,Orlando Magic,130,101
2026-04-01,7:00p,Philadelphia 76ers,Washington Wizards,153,131
2026-04-01,7:30p,Boston Celtics,Miami Heat,147,129
2026-04-01,8:00p,Indiana Pacers,Chicago Bulls,145,126
2026-04-01,8:00p,Milwaukee Bucks,Houston Rockets,113,119
2026-04-01,8:00p,New York Knicks,Memphis Grizzlies,130,119
2026-04-01,8:00p,Sacramento Kings,Toronto Raptors,123,115
2026-04-01,9:00p,Denver Nuggets,Utah Jazz,130,117
2026-04-01,10:00p,San Antonio Spurs,Golden State Warriors,127,113
2026-04-02,7:00p,Phoenix Suns,Charlotte Hornets,107,127
2026-04-02,7:00p,Minnesota Timberwolves,Detroit Pistons,108,113
2026-04-02,9:30p,Los Angeles Lakers,Oklahoma City Thunder,96,139
2026-04-02,10:00p,Cleveland Cavaliers,Golden State Warriors,118,111
2026-04-02,10:00p,New Orleans Pelicans,Portland Trail Blazers,106,118
2026-04-02,10:30p,San Antonio Spurs,Los Angeles Clippers,118,99
2026-04-03,7:00p,Indiana Pacers,Charlotte Hornets,108,129
2026-04-03,7:00p,Minnesota Timberwolves,Philadelphia 76ers,103,115
2026-04-03,7:30p,Atlanta Hawks,Brooklyn Nets,141,107
2026-04-03,7:30p,Chicago Bulls,New York Knicks,96,136
2026-04-03,8:00p,Utah Jazz,Houston Rockets,106,140
2026-04-03,8:00p,Toronto Raptors,Memphis Grizzlies,128,96
2026-04-03,8:00p,Boston Celtics,Milwaukee Bucks,133,101
2026-04-03,8:30p,Orlando Magic,Dallas Mavericks,138,127
2026-04-03,10:00p,New Orleans Pelicans,Sacramento Kings,113,117
2026-04-04,3:00p,San Antonio Spurs,Denver Nuggets,134,136
2026-04-04,3:00p,Washington Wizards,Miami Heat,136,152
2026-04-04,7:00p,Detroit Pistons,Philadelphia 76ers,116,93
2026-04-05,3:30p,Toronto Raptors,Boston Celtics,101,115
2026-04-05,3:30p,Washington Wizards,Brooklyn Nets,115,121
2026-04-05,3:30p,Phoenix Suns,Chicago Bulls,120,110
2026-04-05,3:30p,Memphis Grizzlies,Milwaukee Bucks,115,131
2026-04-05,6:00p,Indiana Pacers,Cleveland Cavaliers,108,117
2026-04-05,7:00p,Charlotte Hornets,Minnesota Timberwolves,122,108
2026-04-05,7:00p,Orlando Magic,New Orleans Pelicans,112,108
2026-04-05,7:00p,Utah Jazz,Oklahoma City Thunder,111,146
2026-04-05,7:30p,Los Angeles Lakers,Dallas Mavericks,128,134
2026-04-05,9:00p,Los Angeles Clippers,Sacramento Kings,138,109
2026-04-05,10:00p,Houston Rockets,Golden State Warriors,117,116
2026-04-06,7:00p,New York Knicks,Atlanta Hawks,108,105
2026-04-06,7:00p,Detroit Pistons,Orlando Magic,107,123
2026-04-06,8:00p,Cleveland Cavaliers,Memphis Grizzlies,142,126
2026-04-06,8:00p,Philadelphia 76ers,San Antonio Spurs,102,115
2026-04-06,9:00p,Portland Trail Blazers,Denver Nuggets,132,137
2026-04-07,7:00p,Minnesota Timberwolves,Indiana Pacers,124,104
2026-04-07,7:00p,Chicago Bulls,Washington Wizards,129,98
2026-04-07,7:30p,Milwaukee Bucks,Brooklyn Nets,90,96
2026-04-07,7:30p,Miami Heat,Toronto Raptors,95,121
2026-04-07,8:00p,Charlotte Hornets,Boston Celtics,102,113
2026-04-07,8:00p,Utah Jazz,New Orleans Pelicans,137,156
2026-04-07,10:00p,Sacramento Kings,Golden State Warriors,105,110
2026-04-07,10:30p,Dallas Mavericks,Los Angeles Clippers,103,116
2026-04-07,10:30p,Oklahoma City Thunder,Los Angeles Lakers,123,87
2026-04-07,11:00p,Houston Rockets,Phoenix Suns,119,105
2026-04-08,7:00p,Atlanta Hawks,Cleveland Cavaliers,116,122
2026-04-08,7:00p,Milwaukee Bucks,Detroit Pistons,111,137
2026-04-08,7:00p,Minnesota Timberwolves,Orlando Magic,120,132
2026-04-08,9:00p,Memphis Grizzlies,Denver Nuggets,119,136
2026-04-08,9:30p,Portland Trail Blazers,San Antonio Spurs,101,112
2026-04-08,10:00p,Oklahoma City Thunder,Los Angeles Clippers,128,110
2026-04-08,10:00p,Dallas Mavericks,Phoenix Suns,107,112
2026-04-09,7:00p,Miami Heat,Toronto Raptors,114,128
2026-04-09,7:00p,Chicago Bulls,Washington Wizards,119,108
2026-04-09,7:30p,Indiana Pacers,Brooklyn Nets,123,94
2026-04-09,7:30p,Boston Celtics,New York Knicks,106,112
2026-04-09,8:00p,Philadelphia 76ers,Houston Rockets,102,113
2026-04-09,10:00p,Los Angeles Lakers,Golden State Warriors,119,103
2026-04-10,7:00p,Cleveland Cavaliers,Atlanta Hawks,102,124
2026-04-10,7:00p,Detroit Pistons,Charlotte Hornets,118,100
2026-04-10,7:00p,Miami Heat,Washington Wizards,140,117
2026-04-10,7:30p,New Orleans Pelicans,Boston Celtics,118,144
2026-04-10,7:30p,Philadelphia 76ers,Indiana Pacers,105,94
2026-04-10,7:30p,Toronto Raptors,New York Knicks,95,112
2026-04-10,8:00p,Orlando Magic,Chicago Bulls,127,103
2026-04-10,8:00p,Brooklyn Nets,Milwaukee Bucks,108,125
2026-04-10,8:00p,Dallas Mavericks,San Antonio Spurs,120,139
2026-04-10,9:00p,Oklahoma City Thunder,Denver Nuggets,107,127
2026-04-10,9:30p,Minnesota Timberwolves,Houston Rockets,136,132
2026-04-10,9:30p,Memphis Grizzlies,Utah Jazz,101,147
2026-04-10,10:00p,Los Angeles Clippers,Portland Trail Blazers,97,116
2026-04-10,10:00p,Golden State Warriors,Sacramento Kings,118,124
2026-04-10,10:30p,Phoenix Suns,Los Angeles Lakers,73,101
2026-04-12,6:00p,Orlando Magic,Boston Celtics,108,113
2026-04-12,6:00p,Washington Wizards,Cleveland Cavaliers,117,130
2026-04-12,6:00p,Detroit Pistons,Indiana Pacers,133,121
2026-04-12,6:00p,Atlanta Hawks,Miami Heat,117,143
2026-04-12,6:00p,Charlotte Hornets,New York Knicks,110,96
2026-04-12,6:00p,Milwaukee Bucks,Philadelphia 76ers,106,126
2026-04-12,6:00p,Brooklyn Nets,Toronto Raptors,101,136
2026-04-12,8:30p,Chicago Bulls,Dallas Mavericks,128,149
2026-04-12,8:30p,Memphis Grizzlies,Houston Rockets,101,132
2026-04-12,8:30p,Golden State Warriors,Los Angeles Clippers,110,115
2026-04-12,8:30p,Utah Jazz,Los Angeles Lakers,107,131
2026-04-12,8:30p,New Orleans Pelicans,Minnesota Timberwolves,126,132
2026-04-12,8:30p,Phoenix Suns,Oklahoma City Thunder,135,103
2026-04-12,8:30p,Sacramento Kings,Portland Trail Blazers,110,122
2026-04-12,8:30p,Denver Nuggets,San Antonio Spurs,128,118
2026-04-14,7:30p,Miami Heat,Charlotte Hornets,126,127
2026-04-14,10:00p,Portland Trail Blazers,Phoenix Suns,114,110
2026-04-15,7:30p,Orlando Magic,Philadelphia 76ers,97,109
2026-04-15,10:00p,Golden State Warriors,Los Angeles Clippers,126,121
2026-04-17,7:30p,Charlotte Hornets,Orlando Magic,90,121
2026-04-17,10:00p,Golden State Warriors,Phoenix Suns,96,111
2026-04-18,1:00p,Toronto Raptors,Cleveland Cavaliers,113,126
2026-04-18,3:30p,Minnesota Timberwolves,Denver Nuggets,105,116
2026-04-18,6:00p,Atlanta Hawks,New York Knicks,102,113
2026-04-18,8:30p,Houston Rockets,Los Angeles Lakers,98,107
2026-04-19,1:00p,Philadelphia 76ers,Boston Celtics,91,123
2026-04-19,3:30p,Phoenix Suns,Oklahoma City Thunder,84,119
2026-04-19,6:30p,Orlando Magic,Detroit Pistons,112,101
2026-04-19,9:00p,Portland Trail Blazers,San Antonio Spurs,98,111
2026-04-20,7:00p,Toronto Raptors,Cleveland Cavaliers,105,115
2026-04-20,8:00p,Atlanta Hawks,New York Knicks,107,106
2026-04-20,10:30p,Minnesota Timberwolves,Denver Nuggets,119,114
2026-04-21,7:00p,Philadelphia 76ers,Boston Celtics,111,97
2026-04-21,8:00p,Portland Trail Blazers,San Antonio Spurs,106,103
2026-04-21,10:30p,Houston Rockets,Los Angeles Lakers,94,101
2026-04-22,7:00p,Orlando Magic,Detroit Pistons,83,98
2026-04-22,9:30p,Phoenix Suns,Oklahoma City Thunder,107,120
2026-04-23,7:00p,New York Knicks,Atlanta Hawks,108,109
2026-04-23,8:00p,Cleveland Cavaliers,Toronto Raptors,104,126
2026-04-23,9:30p,Denver Nuggets,Minnesota Timberwolves,96,113
2026-04-24,7:00p,Boston Celtics,Philadelphia 76ers,108,100
2026-04-24,8:00p,Los Angeles Lakers,Houston Rockets,112,108
2026-04-24,10:30p,San Antonio Spurs,Portland Trail Blazers,120,108
2026-04-25,1:00p,Detroit Pistons,Orlando Magic,105,113
2026-04-25,3:30p,Oklahoma City Thunder,Phoenix Suns,121,109
2026-04-25,6:00p,New York Knicks,Atlanta Hawks,114,98
2026-04-25,8:30p,Denver Nuggets,Minnesota Timberwolves,96,112
2026-04-26,1:00p,Cleveland Cavaliers,Toronto Raptors,89,93
2026-04-26,3:30p,San Antonio Spurs,Portland Trail Blazers,114,93
2026-04-26,7:00p,Boston Celtics,Philadelphia 76ers,128,96
2026-04-26,9:30p,Los Angeles Lakers,Houston Rockets,96,115
2026-04-27,8:00p,Detroit Pistons,Orlando Magic,88,94
2026-04-27,9:30p,Oklahoma City Thunder,Phoenix Suns,131,122
2026-04-27,10:30p,Minnesota Timberwolves,Denver Nuggets,113,125
2026-04-28,7:00p,Philadelphia 76ers,Boston Celtics,113,97
2026-04-28,8:00p,Atlanta Hawks,New York Knicks,97,126
2026-04-28,9:30p,Portland Trail Blazers,San Antonio Spurs,95,114
2026-04-29,7:00p,Orlando Magic,Detroit Pistons,109,116
2026-04-29,7:30p,Toronto Raptors,Cleveland Cavaliers,120,125
2026-04-29,10:00p,Houston Rockets,Los Angeles Lakers,99,93
2026-04-30,7:00p,New York Knicks,Atlanta Hawks,140,89
2026-04-30,8:00p,Boston Celtics,Philadelphia 76ers,93,106
2026-04-30,9:30p,Denver Nuggets,Minnesota Timberwolves,98,110
2026-05-01,7:00p,Detroit Pistons,Orlando Magic,93,79
2026-05-01,7:30p,Cleveland Cavaliers,Toronto Raptors,110,112
2026-05-01,9:30p,Los Angeles Lakers,Houston Rockets,98,78
2026-05-02,7:30p,Philadelphia 76ers,Boston Celtics,109,100
2026-05-03,3:30p,Orlando Magic,Detroit Pistons,94,116
2026-05-03,7:30p,Toronto Raptors,Cleveland Cavaliers,102,114
2026-05-04,8:00p,Philadelphia 76ers,New York Knicks,98,137
2026-05-04,9:30p,Minnesota Timberwolves,San Antonio Spurs,104,102
2026-05-05,7:00p,Cleveland Cavaliers,Detroit Pistons,101,111
2026-05-05,8:30p,Los Angeles Lakers,Oklahoma City Thunder,90,108
2026-05-06,7:00p,Philadelphia 76ers,New York Knicks,102,108
2026-05-06,9:30p,Minnesota Timberwolves,San Antonio Spurs,95,133
2026-05-07,7:00p,Cleveland Cavaliers,Detroit Pistons,97,107
2026-05-07,9:30p,Los Angeles Lakers,Oklahoma City Thunder,107,125
2026-05-08,7:00p,New York Knicks,Philadelphia 76ers,108,94
2026-05-08,9:30p,San Antonio Spurs,Minnesota Timberwolves,115,108
2026-05-09,3:00p,Detroit Pistons,Cleveland Cavaliers,109,116
2026-05-09,8:30p,Oklahoma City Thunder,Los Angeles Lakers,131,108
2026-05-10,3:30p,New York Knicks,Philadelphia 76ers,144,114
2026-05-10,7:30p,San Antonio Spurs,Minnesota Timberwolves,109,114
2026-05-11,8:00p,Detroit Pistons,Cleveland Cavaliers,103,112
2026-05-11,10:30p,Oklahoma City Thunder,Los Angeles Lakers,115,110
2026-05-12,8:00p,Minnesota Timberwolves,San Antonio Spurs,97,126
2026-05-13,8:00p,Cleveland Cavaliers,Detroit Pistons,117,113
2026-05-15,7:00p,Detroit Pistons,Cleveland Cavaliers,115,94
2026-05-15,9:30p,San Antonio Spurs,Minnesota Timberwolves,139,109
2026-05-17,8:00p,Cleveland Cavaliers,Detroit Pistons,125,94
2026-05-18,8:30p,San Antonio Spurs,Oklahoma City Thunder,122,115
2026-05-19,8:00p,Cleveland Cavaliers,New York Knicks,104,115
2026-05-20,8:30p,San Antonio Spurs,Oklahoma City Thunder,113,122
2026-05-21,8:00p,Cleveland Cavaliers,New York Knicks,93,109
2026-05-22,8:30p,Oklahoma City Thunder,San Antonio Spurs,123,108
2026-05-23,8:00p,New York Knicks,Cleveland Cavaliers,121,108
2026-05-24,8:00p,Oklahoma City Thunder,San Antonio Spurs,82,103
2026-05-25,8:00p,New York Knicks,Cleveland Cavaliers,130,93
2026-05-26,8:30p,San Antonio Spurs,Oklahoma City Thunder,114,127
2026-05-28,8:30p,Oklahoma City Thunder,San Antonio Spurs,91,118
2026-05-30,8:00p,San Antonio Spurs,Oklahoma City Thunder,111,103
2026-06-03,8:30p,New York Knicks,San Antonio Spurs,105,95
2026-06-05,8:30p,New York Knicks,San Antonio Spurs,105,104
2026-06-08,8:30p,San Antonio Spurs,New York Knicks,115,111
2026-06-10,8:30p,San Antonio Spurs,New York Knicks,106,107
2026-06-13,8:30p,New York Knicks,San Antonio Spurs,94,90
